-- phpMyAdmin SQL Dump
-- version 4.1.12
-- http://www.phpmyadmin.net
--
-- Host: 127.0.0.1
-- Generation Time: Oct 30, 2017 at 09:17 AM
-- Server version: 5.6.16
-- PHP Version: 5.5.11

SET SQL_MODE = "NO_AUTO_VALUE_ON_ZERO";
SET time_zone = "+00:00";


/*!40101 SET @OLD_CHARACTER_SET_CLIENT=@@CHARACTER_SET_CLIENT */;
/*!40101 SET @OLD_CHARACTER_SET_RESULTS=@@CHARACTER_SET_RESULTS */;
/*!40101 SET @OLD_COLLATION_CONNECTION=@@COLLATION_CONNECTION */;
/*!40101 SET NAMES utf8 */;

--
-- Database: `egs`
--

-- --------------------------------------------------------

--
-- Table structure for table `campus`
--

CREATE TABLE IF NOT EXISTS `campus` (
  `ID` int(11) NOT NULL AUTO_INCREMENT,
  `NAME` varchar(8) NOT NULL,
  PRIMARY KEY (`ID`)
) ENGINE=InnoDB  DEFAULT CHARSET=latin1 AUTO_INCREMENT=3 ;

--
-- Dumping data for table `campus`
--

INSERT INTO `campus` (`ID`, `NAME`) VALUES
(1, 'Campus 1'),
(2, 'Campus 2');

-- --------------------------------------------------------

--
-- Table structure for table `cities`
--

CREATE TABLE IF NOT EXISTS `cities` (
  `id` int(11) unsigned NOT NULL AUTO_INCREMENT,
  `name` varchar(300) CHARACTER SET utf8 COLLATE utf8_unicode_ci NOT NULL,
  `province_id` int(11) unsigned NOT NULL,
  PRIMARY KEY (`id`)
) ENGINE=InnoDB  DEFAULT CHARSET=latin1 AUTO_INCREMENT=1637 ;

--
-- Dumping data for table `cities`
--

INSERT INTO `cities` (`id`, `name`, `province_id`) VALUES
(1, 'Bangued', 1),
(2, 'Boliney', 1),
(3, 'Bucay', 1),
(4, 'Bucloc', 1),
(5, 'Daguioman', 1),
(6, 'Danglas', 1),
(7, 'Dolores', 1),
(8, 'La Paz', 1),
(9, 'Lacub', 1),
(10, 'Lagangilang', 1),
(11, 'Lagayan', 1),
(12, 'Langiden', 1),
(13, 'Licuan-Baay', 1),
(14, 'Luba', 1),
(15, 'Malibcong', 1),
(16, 'Manabo', 1),
(17, 'Peñarrubia', 1),
(18, 'Pidigan', 1),
(19, 'Pilar', 1),
(20, 'Sallapadan', 1),
(21, 'San Isidro', 1),
(22, 'San Juan', 1),
(23, 'San Quintin', 1),
(24, 'Tayum', 1),
(25, 'Tineg', 1),
(26, 'Tubo', 1),
(27, 'Villaviciosa', 1),
(28, 'Butuan City', 2),
(29, 'Buenavista', 2),
(30, 'Cabadbaran', 2),
(31, 'Carmen', 2),
(32, 'Jabonga', 2),
(33, 'Kitcharao', 2),
(34, 'Las Nieves', 2),
(35, 'Magallanes', 2),
(36, 'Nasipit', 2),
(37, 'Remedios T. Romualdez', 2),
(38, 'Santiago', 2),
(39, 'Tubay', 2),
(40, 'Bayugan', 3),
(41, 'Bunawan', 3),
(42, 'Esperanza', 3),
(43, 'La Paz', 3),
(44, 'Loreto', 3),
(45, 'Prosperidad', 3),
(46, 'Rosario', 3),
(47, 'San Francisco', 3),
(48, 'San Luis', 3),
(49, 'Santa Josefa', 3),
(50, 'Sibagat', 3),
(51, 'Talacogon', 3),
(52, 'Trento', 3),
(53, 'Veruela', 3),
(54, 'Altavas', 4),
(55, 'Balete', 4),
(56, 'Banga', 4),
(57, 'Batan', 4),
(58, 'Buruanga', 4),
(59, 'Ibajay', 4),
(60, 'Kalibo', 4),
(61, 'Lezo', 4),
(62, 'Libacao', 4),
(63, 'Madalag', 4),
(64, 'Makato', 4),
(65, 'Malay', 4),
(66, 'Malinao', 4),
(67, 'Nabas', 4),
(68, 'New Washington', 4),
(69, 'Numancia', 4),
(70, 'Tangalan', 4),
(71, 'Legazpi City', 5),
(72, 'Ligao City', 5),
(73, 'Tabaco City', 5),
(74, 'Bacacay', 5),
(75, 'Camalig', 5),
(76, 'Daraga', 5),
(77, 'Guinobatan', 5),
(78, 'Jovellar', 5),
(79, 'Libon', 5),
(80, 'Malilipot', 5),
(81, 'Malinao', 5),
(82, 'Manito', 5),
(83, 'Oas', 5),
(84, 'Pio Duran', 5),
(85, 'Polangui', 5),
(86, 'Rapu-Rapu', 5),
(87, 'Santo Domingo', 5),
(88, 'Tiwi', 5),
(89, 'Anini-y', 6),
(90, 'Barbaza', 6),
(91, 'Belison', 6),
(92, 'Bugasong', 6),
(93, 'Caluya', 6),
(94, 'Culasi', 6),
(95, 'Hamtic', 6),
(96, 'Laua-an', 6),
(97, 'Libertad', 6),
(98, 'Pandan', 6),
(99, 'Patnongon', 6),
(100, 'San Jose', 6),
(101, 'San Remigio', 6),
(102, 'Sebaste', 6),
(103, 'Sibalom', 6),
(104, 'Tibiao', 6),
(105, 'Tobias Fornier', 6),
(106, 'Valderrama', 6),
(107, 'Calanasan', 7),
(108, 'Conner', 7),
(109, 'Flora', 7),
(110, 'Kabugao', 7),
(111, 'Luna', 7),
(112, 'Pudtol', 7),
(113, 'Santa Marcela', 7),
(114, 'Baler', 8),
(115, 'Casiguran', 8),
(116, 'Dilasag', 8),
(117, 'Dinalungan', 8),
(118, 'Dingalan', 8),
(119, 'Dipaculao', 8),
(120, 'Maria Aurora', 8),
(121, 'San Luis', 8),
(122, 'Isabela City', 9),
(123, 'Akbar', 9),
(124, 'Al-Barka', 9),
(125, 'Hadji Mohammad Ajul', 9),
(126, 'Hadji Muhtamad', 9),
(127, 'Lamitan', 9),
(128, 'Lantawan', 9),
(129, 'Maluso', 9),
(130, 'Sumisip', 9),
(131, 'Tabuan-Lasa', 9),
(132, 'Tipo-Tipo', 9),
(133, 'Tuburan', 9),
(134, 'Ungkaya Pukan', 9),
(135, 'Balanga City', 10),
(136, 'Abucay', 10),
(137, 'Bagac', 10),
(138, 'Dinalupihan', 10),
(139, 'Hermosa', 10),
(140, 'Limay', 10),
(141, 'Mariveles', 10),
(142, 'Morong', 10),
(143, 'Orani', 10),
(144, 'Orion', 10),
(145, 'Pilar', 10),
(146, 'Samal', 10),
(147, 'Basco', 11),
(148, 'Itbayat', 11),
(149, 'Ivana', 11),
(150, 'Mahatao', 11),
(151, 'Sabtang', 11),
(152, 'Uyugan', 11),
(153, 'Batangas City', 12),
(154, 'Lipa City', 12),
(155, 'Tanauan City', 12),
(156, 'Agoncillo', 12),
(157, 'Alitagtag', 12),
(158, 'Balayan', 12),
(159, 'Balete', 12),
(160, 'Bauan', 12),
(161, 'Calaca', 12),
(162, 'Calatagan', 12),
(163, 'Cuenca', 12),
(164, 'Ibaan', 12),
(165, 'Laurel', 12),
(166, 'Lemery', 12),
(167, 'Lian', 12),
(168, 'Lobo', 12),
(169, 'Mabini', 12),
(170, 'Malvar', 12),
(171, 'Mataas na Kahoy', 12),
(172, 'Nasugbu', 12),
(173, 'Padre Garcia', 12),
(174, 'Rosario', 12),
(175, 'San Jose', 12),
(176, 'San Juan', 12),
(177, 'San Luis', 12),
(178, 'San Nicolas', 12),
(179, 'San Pascual', 12),
(180, 'Santa Teresita', 12),
(181, 'Santo Tomas', 12),
(182, 'Taal', 12),
(183, 'Talisay', 12),
(184, 'Taysan', 12),
(185, 'Tingloy', 12),
(186, 'Tuy', 12),
(187, 'Baguio City', 13),
(188, 'Atok', 13),
(189, 'Bakun', 13),
(190, 'Bokod', 13),
(191, 'Buguias', 13),
(192, 'Itogon', 13),
(193, 'Kabayan', 13),
(194, 'Kapangan', 13),
(195, 'Kibungan', 13),
(196, 'La Trinidad', 13),
(197, 'Mankayan', 13),
(198, 'Sablan', 13),
(199, 'Tuba', 13),
(200, 'Tublay', 13),
(201, 'Almeria', 14),
(202, 'Biliran', 14),
(203, 'Cabucgayan', 14),
(204, 'Caibiran', 14),
(205, 'Culaba', 14),
(206, 'Kawayan', 14),
(207, 'Maripipi', 14),
(208, 'Naval', 14),
(209, 'Tagbilaran City', 15),
(210, 'Alburquerque', 15),
(211, 'Alicia', 15),
(212, 'Anda', 15),
(213, 'Antequera', 15),
(214, 'Baclayon', 15),
(215, 'Balilihan', 15),
(216, 'Batuan', 15),
(217, 'Bien Unido', 15),
(218, 'Bilar', 15),
(219, 'Buenavista', 15),
(220, 'Calape', 15),
(221, 'Candijay', 15),
(222, 'Carmen', 15),
(223, 'Catigbian', 15),
(224, 'Clarin', 15),
(225, 'Corella', 15),
(226, 'Cortes', 15),
(227, 'Dagohoy', 15),
(228, 'Danao', 15),
(229, 'Dauis', 15),
(230, 'Dimiao', 15),
(231, 'Duero', 15),
(232, 'Garcia Hernandez', 15),
(233, 'Getafe', 15),
(234, 'Guindulman', 15),
(235, 'Inabanga', 15),
(236, 'Jagna', 15),
(237, 'Lila', 15),
(238, 'Loay', 15),
(239, 'Loboc', 15),
(240, 'Loon', 15),
(241, 'Mabini', 15),
(242, 'Maribojoc', 15),
(243, 'Panglao', 15),
(244, 'Pilar', 15),
(245, 'President Carlos P. Garcia', 15),
(246, 'Sagbayan', 15),
(247, 'San Isidro', 15),
(248, 'San Miguel', 15),
(249, 'Sevilla', 15),
(250, 'Sierra Bullones', 15),
(251, 'Sikatuna', 15),
(252, 'Talibon', 15),
(253, 'Trinidad', 15),
(254, 'Tubigon', 15),
(255, 'Ubay', 15),
(256, 'Valencia', 15),
(257, 'Malaybalay City', 16),
(258, 'Valencia City', 16),
(259, 'Baungon', 16),
(260, 'Cabanglasan', 16),
(261, 'Damulog', 16),
(262, 'Dangcagan', 16),
(263, 'Don Carlos', 16),
(264, 'Impasug-ong', 16),
(265, 'Kadingilan', 16),
(266, 'Kalilangan', 16),
(267, 'Kibawe', 16),
(268, 'Kitaotao', 16),
(269, 'Lantapan', 16),
(270, 'Libona', 16),
(271, 'Malitbog', 16),
(272, 'Manolo Fortich', 16),
(273, 'Maramag', 16),
(274, 'Pangantucan', 16),
(275, 'Quezon', 16),
(276, 'San Fernando', 16),
(277, 'Sumilao', 16),
(278, 'Talakag', 16),
(279, 'Malolos City', 17),
(280, 'Meycauayan City', 17),
(281, 'San Jose del Monte City', 17),
(282, 'Angat', 17),
(283, 'Balagtas', 17),
(284, 'Baliuag', 17),
(285, 'Bocaue', 17),
(286, 'Bulacan', 17),
(287, 'Bustos', 17),
(288, 'Calumpit', 17),
(289, 'Doña Remedios Trinidad', 17),
(290, 'Guiguinto', 17),
(291, 'Hagonoy', 17),
(292, 'Marilao', 17),
(293, 'Norzagaray', 17),
(294, 'Obando', 17),
(295, 'Pandi', 17),
(296, 'Paombong', 17),
(297, 'Plaridel', 17),
(298, 'Pulilan', 17),
(299, 'San Ildefonso', 17),
(300, 'San Miguel', 17),
(301, 'San Rafael', 17),
(302, 'Santa Maria', 17),
(303, 'Tuguegarao City', 18),
(304, 'Abulug', 18),
(305, 'Alcala', 18),
(306, 'Allacapan', 18),
(307, 'Amulung', 18),
(308, 'Aparri', 18),
(309, 'Baggao', 18),
(310, 'Ballesteros', 18),
(311, 'Buguey', 18),
(312, 'Calayan', 18),
(313, 'Camalaniugan', 18),
(314, 'Claveria', 18),
(315, 'Enrile', 18),
(316, 'Gattaran', 18),
(317, 'Gonzaga', 18),
(318, 'Iguig', 18),
(319, 'Lal-lo', 18),
(320, 'Lasam', 18),
(321, 'Pamplona', 18),
(322, 'Peñablanca', 18),
(323, 'Piat', 18),
(324, 'Rizal', 18),
(325, 'Sanchez-Mira', 18),
(326, 'Santa Ana', 18),
(327, 'Santa Praxedes', 18),
(328, 'Santa Teresita', 18),
(329, 'Santo Niño', 18),
(330, 'Solana', 18),
(331, 'Tuao', 18),
(332, 'Basud', 19),
(333, 'Capalonga', 19),
(334, 'Daet', 19),
(335, 'Jose Panganiban', 19),
(336, 'Labo', 19),
(337, 'Mercedes', 19),
(338, 'Paracale', 19),
(339, 'San Lorenzo Ruiz', 19),
(340, 'San Vicente', 19),
(341, 'Santa Elena', 19),
(342, 'Talisay', 19),
(343, 'Vinzons', 19),
(344, 'Iriga City', 20),
(345, 'Naga City', 20),
(346, 'Baao', 20),
(347, 'Balatan', 20),
(348, 'Bato', 20),
(349, 'Bombon', 20),
(350, 'Buhi', 20),
(351, 'Bula', 20),
(352, 'Cabusao', 20),
(353, 'Calabanga', 20),
(354, 'Camaligan', 20),
(355, 'Canaman', 20),
(356, 'Caramoan', 20),
(357, 'Del Gallego', 20),
(358, 'Gainza', 20),
(359, 'Garchitorena', 20),
(360, 'Goa', 20),
(361, 'Lagonoy', 20),
(362, 'Libmanan', 20),
(363, 'Lupi', 20),
(364, 'Magarao', 20),
(365, 'Milaor', 20),
(366, 'Minalabac', 20),
(367, 'Nabua', 20),
(368, 'Ocampo', 20),
(369, 'Pamplona', 20),
(370, 'Pasacao', 20),
(371, 'Pili', 20),
(372, 'Presentacion', 20),
(373, 'Ragay', 20),
(374, 'Sagñay', 20),
(375, 'San Fernando', 20),
(376, 'San Jose', 20),
(377, 'Sipocot', 20),
(378, 'Siruma', 20),
(379, 'Tigaon', 20),
(380, 'Tinambac', 20),
(381, 'Catarman', 21),
(382, 'Guinsiliban', 21),
(383, 'Mahinog', 21),
(384, 'Mambajao', 21),
(385, 'Sagay', 21),
(386, 'Roxas City', 22),
(387, 'Cuartero', 22),
(388, 'Dao', 22),
(389, 'Dumalag', 22),
(390, 'Dumarao', 22),
(391, 'Ivisan', 22),
(392, 'Jamindan', 22),
(393, 'Ma-ayon', 22),
(394, 'Mambusao', 22),
(395, 'Panay', 22),
(396, 'Panitan', 22),
(397, 'Pilar', 22),
(398, 'Pontevedra', 22),
(399, 'President Roxas', 22),
(400, 'Sapi-an', 22),
(401, 'Sigma', 22),
(402, 'Tapaz', 22),
(403, 'Bagamanoc', 23),
(404, 'Baras', 23),
(405, 'Bato', 23),
(406, 'Caramoran', 23),
(407, 'Gigmoto', 23),
(408, 'Pandan', 23),
(409, 'Panganiban', 23),
(410, 'San Andres', 23),
(411, 'San Miguel', 23),
(412, 'Viga', 23),
(413, 'Virac', 23),
(414, 'Cavite City', 24),
(415, 'Dasmariñas City', 24),
(416, 'Tagaytay City', 24),
(417, 'Trece Martires City', 24),
(418, 'Alfonso', 24),
(419, 'Amadeo', 24),
(420, 'Bacoor', 24),
(421, 'Carmona', 24),
(422, 'General Mariano Alvarez', 24),
(423, 'General Emilio Aguinaldo', 24),
(424, 'General Trias', 24),
(425, 'Imus', 24),
(426, 'Indang', 24),
(427, 'Kawit', 24),
(428, 'Magallanes', 24),
(429, 'Maragondon', 24),
(430, 'Mendez', 24),
(431, 'Naic', 24),
(432, 'Noveleta', 24),
(433, 'Rosario', 24),
(434, 'Silang', 24),
(435, 'Tanza', 24),
(436, 'Ternate', 24),
(437, 'Bogo City', 25),
(438, 'Cebu City', 25),
(439, 'Carcar City', 25),
(440, 'Danao City', 25),
(441, 'Lapu-Lapu City', 25),
(442, 'Mandaue City', 25),
(443, 'Naga City', 25),
(444, 'Talisay City', 25),
(445, 'Toledo City', 25),
(446, 'Alcantara', 25),
(447, 'Alcoy', 25),
(448, 'Alegria', 25),
(449, 'Aloguinsan', 25),
(450, 'Argao', 25),
(451, 'Asturias', 25),
(452, 'Badian', 25),
(453, 'Balamban', 25),
(454, 'Bantayan', 25),
(455, 'Barili', 25),
(456, 'Boljoon', 25),
(457, 'Borbon', 25),
(458, 'Carmen', 25),
(459, 'Catmon', 25),
(460, 'Compostela', 25),
(461, 'Consolacion', 25),
(462, 'Cordoba', 25),
(463, 'Daanbantayan', 25),
(464, 'Dalaguete', 25),
(465, 'Dumanjug', 25),
(466, 'Ginatilan', 25),
(467, 'Liloan', 25),
(468, 'Madridejos', 25),
(469, 'Malabuyoc', 25),
(470, 'Medellin', 25),
(471, 'Minglanilla', 25),
(472, 'Moalboal', 25),
(473, 'Oslob', 25),
(474, 'Pilar', 25),
(475, 'Pinamungahan', 25),
(476, 'Poro', 25),
(477, 'Ronda', 25),
(478, 'Samboan', 25),
(479, 'San Fernando', 25),
(480, 'San Francisco', 25),
(481, 'San Remigio', 25),
(482, 'Santa Fe', 25),
(483, 'Santander', 25),
(484, 'Sibonga', 25),
(485, 'Sogod', 25),
(486, 'Tabogon', 25),
(487, 'Tabuelan', 25),
(488, 'Tuburan', 25),
(489, 'Tudela', 25),
(490, 'Compostela', 26),
(491, 'Laak', 26),
(492, 'Mabini', 26),
(493, 'Maco', 26),
(494, 'Maragusan', 26),
(495, 'Mawab', 26),
(496, 'Monkayo', 26),
(497, 'Montevista', 26),
(498, 'Nabunturan', 26),
(499, 'New Bataan', 26),
(500, 'Pantukan', 26),
(501, 'Kidapawan City', 27),
(502, 'Alamada', 27),
(503, 'Aleosan', 27),
(504, 'Antipas', 27),
(505, 'Arakan', 27),
(506, 'Banisilan', 27),
(507, 'Carmen', 27),
(508, 'Kabacan', 27),
(509, 'Libungan', 27),
(510, 'M''lang', 27),
(511, 'Magpet', 27),
(512, 'Makilala', 27),
(513, 'Matalam', 27),
(514, 'Midsayap', 27),
(515, 'Pigkawayan', 27),
(516, 'Pikit', 27),
(517, 'President Roxas', 27),
(518, 'Tulunan', 27),
(519, 'Panabo City', 28),
(520, 'Island Garden City of Samal', 28),
(521, 'Tagum City', 28),
(522, 'Asuncion', 28),
(523, 'Braulio E. Dujali', 28),
(524, 'Carmen', 28),
(525, 'Kapalong', 28),
(526, 'New Corella', 28),
(527, 'San Isidro', 28),
(528, 'Santo Tomas', 28),
(529, 'Talaingod', 28),
(530, 'Davao City', 29),
(531, 'Digos City', 29),
(532, 'Bansalan', 29),
(533, 'Don Marcelino', 29),
(534, 'Hagonoy', 29),
(535, 'Jose Abad Santos', 29),
(536, 'Kiblawan', 29),
(537, 'Magsaysay', 29),
(538, 'Malalag', 29),
(539, 'Malita', 29),
(540, 'Matanao', 29),
(541, 'Padada', 29),
(542, 'Santa Cruz', 29),
(543, 'Santa Maria', 29),
(544, 'Sarangani', 29),
(545, 'Sulop', 29),
(546, 'Mati City', 30),
(547, 'Baganga', 30),
(548, 'Banaybanay', 30),
(549, 'Boston', 30),
(550, 'Caraga', 30),
(551, 'Cateel', 30),
(552, 'Governor Generoso', 30),
(553, 'Lupon', 30),
(554, 'Manay', 30),
(555, 'San Isidro', 30),
(556, 'Tarragona', 30),
(557, 'Arteche', 31),
(558, 'Balangiga', 31),
(559, 'Balangkayan', 31),
(560, 'Borongan', 31),
(561, 'Can-avid', 31),
(562, 'Dolores', 31),
(563, 'General MacArthur', 31),
(564, 'Giporlos', 31),
(565, 'Guiuan', 31),
(566, 'Hernani', 31),
(567, 'Jipapad', 31),
(568, 'Lawaan', 31),
(569, 'Llorente', 31),
(570, 'Maslog', 31),
(571, 'Maydolong', 31),
(572, 'Mercedes', 31),
(573, 'Oras', 31),
(574, 'Quinapondan', 31),
(575, 'Salcedo', 31),
(576, 'San Julian', 31),
(577, 'San Policarpo', 31),
(578, 'Sulat', 31),
(579, 'Taft', 31),
(580, 'Buenavista', 32),
(581, 'Jordan', 32),
(582, 'Nueva Valencia', 32),
(583, 'San Lorenzo', 32),
(584, 'Sibunag', 32),
(585, 'Aguinaldo', 33),
(586, 'Alfonso Lista', 33),
(587, 'Asipulo', 33),
(588, 'Banaue', 33),
(589, 'Hingyon', 33),
(590, 'Hungduan', 33),
(591, 'Kiangan', 33),
(592, 'Lagawe', 33),
(593, 'Lamut', 33),
(594, 'Mayoyao', 33),
(595, 'Tinoc', 33),
(596, 'Batac City', 34),
(597, 'Laoag City', 34),
(598, 'Adams', 34),
(599, 'Bacarra', 34),
(600, 'Badoc', 34),
(601, 'Bangui', 34),
(602, 'Banna', 34),
(603, 'Burgos', 34),
(604, 'Carasi', 34),
(605, 'Currimao', 34),
(606, 'Dingras', 34),
(607, 'Dumalneg', 34),
(608, 'Marcos', 34),
(609, 'Nueva Era', 34),
(610, 'Pagudpud', 34),
(611, 'Paoay', 34),
(612, 'Pasuquin', 34),
(613, 'Piddig', 34),
(614, 'Pinili', 34),
(615, 'San Nicolas', 34),
(616, 'Sarrat', 34),
(617, 'Solsona', 34),
(618, 'Vintar', 34),
(619, 'Candon City', 35),
(620, 'Vigan City', 35),
(621, 'Alilem', 35),
(622, 'Banayoyo', 35),
(623, 'Bantay', 35),
(624, 'Burgos', 35),
(625, 'Cabugao', 35),
(626, 'Caoayan', 35),
(627, 'Cervantes', 35),
(628, 'Galimuyod', 35),
(629, 'Gregorio Del Pilar', 35),
(630, 'Lidlidda', 35),
(631, 'Magsingal', 35),
(632, 'Nagbukel', 35),
(633, 'Narvacan', 35),
(634, 'Quirino', 35),
(635, 'Salcedo', 35),
(636, 'San Emilio', 35),
(637, 'San Esteban', 35),
(638, 'San Ildefonso', 35),
(639, 'San Juan', 35),
(640, 'San Vicente', 35),
(641, 'Santa', 35),
(642, 'Santa Catalina', 35),
(643, 'Santa Cruz', 35),
(644, 'Santa Lucia', 35),
(645, 'Santa Maria', 35),
(646, 'Santiago', 35),
(647, 'Santo Domingo', 35),
(648, 'Sigay', 35),
(649, 'Sinait', 35),
(650, 'Sugpon', 35),
(651, 'Suyo', 35),
(652, 'Tagudin', 35),
(653, 'Iloilo City', 36),
(654, 'Passi City', 36),
(655, 'Ajuy', 36),
(656, 'Alimodian', 36),
(657, 'Anilao', 36),
(658, 'Badiangan', 36),
(659, 'Balasan', 36),
(660, 'Banate', 36),
(661, 'Barotac Nuevo', 36),
(662, 'Barotac Viejo', 36),
(663, 'Batad', 36),
(664, 'Bingawan', 36),
(665, 'Cabatuan', 36),
(666, 'Calinog', 36),
(667, 'Carles', 36),
(668, 'Concepcion', 36),
(669, 'Dingle', 36),
(670, 'Dueñas', 36),
(671, 'Dumangas', 36),
(672, 'Estancia', 36),
(673, 'Guimbal', 36),
(674, 'Igbaras', 36),
(675, 'Janiuay', 36),
(676, 'Lambunao', 36),
(677, 'Leganes', 36),
(678, 'Lemery', 36),
(679, 'Leon', 36),
(680, 'Maasin', 36),
(681, 'Miagao', 36),
(682, 'Mina', 36),
(683, 'New Lucena', 36),
(684, 'Oton', 36),
(685, 'Pavia', 36),
(686, 'Pototan', 36),
(687, 'San Dionisio', 36),
(688, 'San Enrique', 36),
(689, 'San Joaquin', 36),
(690, 'San Miguel', 36),
(691, 'San Rafael', 36),
(692, 'Santa Barbara', 36),
(693, 'Sara', 36),
(694, 'Tigbauan', 36),
(695, 'Tubungan', 36),
(696, 'Zarraga', 36),
(697, 'Cauayan City', 37),
(698, 'Santiago City', 37),
(699, 'Alicia', 37),
(700, 'Angadanan', 37),
(701, 'Aurora', 37),
(702, 'Benito Soliven', 37),
(703, 'Burgos', 37),
(704, 'Cabagan', 37),
(705, 'Cabatuan', 37),
(706, 'Cordon', 37),
(707, 'Delfin Albano', 37),
(708, 'Dinapigue', 37),
(709, 'Divilacan', 37),
(710, 'Echague', 37),
(711, 'Gamu', 37),
(712, 'Ilagan', 37),
(713, 'Jones', 37),
(714, 'Luna', 37),
(715, 'Maconacon', 37),
(716, 'Mallig', 37),
(717, 'Naguilian', 37),
(718, 'Palanan', 37),
(719, 'Quezon', 37),
(720, 'Quirino', 37),
(721, 'Ramon', 37),
(722, 'Reina Mercedes', 37),
(723, 'Roxas', 37),
(724, 'San Agustin', 37),
(725, 'San Guillermo', 37),
(726, 'San Isidro', 37),
(727, 'San Manuel', 37),
(728, 'San Mariano', 37),
(729, 'San Mateo', 37),
(730, 'San Pablo', 37),
(731, 'Santa Maria', 37),
(732, 'Santo Tomas', 37),
(733, 'Tumauini', 37),
(734, 'Tabuk', 38),
(735, 'Balbalan', 38),
(736, 'Lubuagan', 38),
(737, 'Pasil', 38),
(738, 'Pinukpuk', 38),
(739, 'Rizal', 38),
(740, 'Tanudan', 38),
(741, 'Tinglayan', 38),
(742, 'San Fernando City', 39),
(743, 'Agoo', 39),
(744, 'Aringay', 39),
(745, 'Bacnotan', 39),
(746, 'Bagulin', 39),
(747, 'Balaoan', 39),
(748, 'Bangar', 39),
(749, 'Bauang', 39),
(750, 'Burgos', 39),
(751, 'Caba', 39),
(752, 'Luna', 39),
(753, 'Naguilian', 39),
(754, 'Pugo', 39),
(755, 'Rosario', 39),
(756, 'San Gabriel', 39),
(757, 'San Juan', 39),
(758, 'Santo Tomas', 39),
(759, 'Santol', 39),
(760, 'Sudipen', 39),
(761, 'Tubao', 39),
(762, 'Biñan City', 40),
(763, 'Calamba City', 40),
(764, 'San Pablo City', 40),
(765, 'Santa Rosa City', 40),
(766, 'Alaminos', 40),
(767, 'Bay', 40),
(768, 'Cabuyao', 40),
(769, 'Calauan', 40),
(770, 'Cavinti', 40),
(771, 'Famy', 40),
(772, 'Kalayaan', 40),
(773, 'Liliw', 40),
(774, 'Los Baños', 40),
(775, 'Luisiana', 40),
(776, 'Lumban', 40),
(777, 'Mabitac', 40),
(778, 'Magdalena', 40),
(779, 'Majayjay', 40),
(780, 'Nagcarlan', 40),
(781, 'Paete', 40),
(782, 'Pagsanjan', 40),
(783, 'Pakil', 40),
(784, 'Pangil', 40),
(785, 'Pila', 40),
(786, 'Rizal', 40),
(787, 'San Pedro', 40),
(788, 'Santa Cruz', 40),
(789, 'Santa Maria', 40),
(790, 'Siniloan', 40),
(791, 'Victoria', 40),
(792, 'Iligan City', 41),
(793, 'Bacolod', 41),
(794, 'Baloi', 41),
(795, 'Baroy', 41),
(796, 'Kapatagan', 41),
(797, 'Kauswagan', 41),
(798, 'Kolambugan', 41),
(799, 'Lala', 41),
(800, 'Linamon', 41),
(801, 'Magsaysay', 41),
(802, 'Maigo', 41),
(803, 'Matungao', 41),
(804, 'Munai', 41),
(805, 'Nunungan', 41),
(806, 'Pantao Ragat', 41),
(807, 'Pantar', 41),
(808, 'Poona Piagapo', 41),
(809, 'Salvador', 41),
(810, 'Sapad', 41),
(811, 'Sultan Naga Dimaporo', 41),
(812, 'Tagoloan', 41),
(813, 'Tangcal', 41),
(814, 'Tubod', 41),
(815, 'Marawi City', 42),
(816, 'Bacolod-Kalawi', 42),
(817, 'Balabagan', 42),
(818, 'Balindong', 42),
(819, 'Bayang', 42),
(820, 'Binidayan', 42),
(821, 'Buadiposo-Buntong', 42),
(822, 'Bubong', 42),
(823, 'Bumbaran', 42),
(824, 'Butig', 42),
(825, 'Calanogas', 42),
(826, 'Ditsaan-Ramain', 42),
(827, 'Ganassi', 42),
(828, 'Kapai', 42),
(829, 'Kapatagan', 42),
(830, 'Lumba-Bayabao', 42),
(831, 'Lumbaca-Unayan', 42),
(832, 'Lumbatan', 42),
(833, 'Lumbayanague', 42),
(834, 'Madalum', 42),
(835, 'Madamba', 42),
(836, 'Maguing', 42),
(837, 'Malabang', 42),
(838, 'Marantao', 42),
(839, 'Marogong', 42),
(840, 'Masiu', 42),
(841, 'Mulondo', 42),
(842, 'Pagayawan', 42),
(843, 'Piagapo', 42),
(844, 'Poona Bayabao', 42),
(845, 'Pualas', 42),
(846, 'Saguiaran', 42),
(847, 'Sultan Dumalondong', 42),
(848, 'Picong', 42),
(849, 'Tagoloan II', 42),
(850, 'Tamparan', 42),
(851, 'Taraka', 42),
(852, 'Tubaran', 42),
(853, 'Tugaya', 42),
(854, 'Wao', 42),
(855, 'Ormoc City', 43),
(856, 'Tacloban City', 43),
(857, 'Abuyog', 43),
(858, 'Alangalang', 43),
(859, 'Albuera', 43),
(860, 'Babatngon', 43),
(861, 'Barugo', 43),
(862, 'Bato', 43),
(863, 'Baybay', 43),
(864, 'Burauen', 43),
(865, 'Calubian', 43),
(866, 'Capoocan', 43),
(867, 'Carigara', 43),
(868, 'Dagami', 43),
(869, 'Dulag', 43),
(870, 'Hilongos', 43),
(871, 'Hindang', 43),
(872, 'Inopacan', 43),
(873, 'Isabel', 43),
(874, 'Jaro', 43),
(875, 'Javier', 43),
(876, 'Julita', 43),
(877, 'Kananga', 43),
(878, 'La Paz', 43),
(879, 'Leyte', 43),
(880, 'Liloan', 43),
(881, 'MacArthur', 43),
(882, 'Mahaplag', 43),
(883, 'Matag-ob', 43),
(884, 'Matalom', 43),
(885, 'Mayorga', 43),
(886, 'Merida', 43),
(887, 'Palo', 43),
(888, 'Palompon', 43),
(889, 'Pastrana', 43),
(890, 'San Isidro', 43),
(891, 'San Miguel', 43),
(892, 'Santa Fe', 43),
(893, 'Sogod', 43),
(894, 'Tabango', 43),
(895, 'Tabontabon', 43),
(896, 'Tanauan', 43),
(897, 'Tolosa', 43),
(898, 'Tunga', 43),
(899, 'Villaba', 43),
(900, 'Cotabato City', 44),
(901, 'Ampatuan', 44),
(902, 'Barira', 44),
(903, 'Buldon', 44),
(904, 'Buluan', 44),
(905, 'Datu Abdullah Sangki', 44),
(906, 'Datu Anggal Midtimbang', 44),
(907, 'Datu Blah T. Sinsuat', 44),
(908, 'Datu Hoffer Ampatuan', 44),
(909, 'Datu Montawal', 44),
(910, 'Datu Odin Sinsuat', 44),
(911, 'Datu Paglas', 44),
(912, 'Datu Piang', 44),
(913, 'Datu Salibo', 44),
(914, 'Datu Saudi-Ampatuan', 44),
(915, 'Datu Unsay', 44),
(916, 'General Salipada K. Pendatun', 44),
(917, 'Guindulungan', 44),
(918, 'Kabuntalan', 44),
(919, 'Mamasapano', 44),
(920, 'Mangudadatu', 44),
(921, 'Matanog', 44),
(922, 'Northern Kabuntalan', 44),
(923, 'Pagalungan', 44),
(924, 'Paglat', 44),
(925, 'Pandag', 44),
(926, 'Parang', 44),
(927, 'Rajah Buayan', 44),
(928, 'Shariff Aguak', 44),
(929, 'Shariff Saydona Mustapha', 44),
(930, 'South Upi', 44),
(931, 'Sultan Kudarat', 44),
(932, 'Sultan Mastura', 44),
(933, 'Sultan sa Barongis', 44),
(934, 'Talayan', 44),
(935, 'Talitay', 44),
(936, 'Upi', 44),
(937, 'Boac', 45),
(938, 'Buenavista', 45),
(939, 'Gasan', 45),
(940, 'Mogpog', 45),
(941, 'Santa Cruz', 45),
(942, 'Torrijos', 45),
(943, 'Masbate City', 46),
(944, 'Aroroy', 46),
(945, 'Baleno', 46),
(946, 'Balud', 46),
(947, 'Batuan', 46),
(948, 'Cataingan', 46),
(949, 'Cawayan', 46),
(950, 'Claveria', 46),
(951, 'Dimasalang', 46),
(952, 'Esperanza', 46),
(953, 'Mandaon', 46),
(954, 'Milagros', 46),
(955, 'Mobo', 46),
(956, 'Monreal', 46),
(957, 'Palanas', 46),
(958, 'Pio V. Corpuz', 46),
(959, 'Placer', 46),
(960, 'San Fernando', 46),
(961, 'San Jacinto', 46),
(962, 'San Pascual', 46),
(963, 'Uson', 46),
(964, 'Caloocan', 47),
(965, 'Las Piñas', 47),
(966, 'Makati', 47),
(967, 'Malabon', 47),
(968, 'Mandaluyong', 47),
(969, 'Manila', 47),
(970, 'Marikina', 47),
(971, 'Muntinlupa', 47),
(972, 'Navotas', 47),
(973, 'Parañaque', 47),
(974, 'Pasay', 47),
(975, 'Pasig', 47),
(976, 'Quezon City', 47),
(977, 'San Juan City', 47),
(978, 'Taguig', 47),
(979, 'Valenzuela City', 47),
(980, 'Pateros', 47),
(981, 'Oroquieta City', 48),
(982, 'Ozamiz City', 48),
(983, 'Tangub City', 48),
(984, 'Aloran', 48),
(985, 'Baliangao', 48),
(986, 'Bonifacio', 48),
(987, 'Calamba', 48),
(988, 'Clarin', 48),
(989, 'Concepcion', 48),
(990, 'Don Victoriano Chiongbian', 48),
(991, 'Jimenez', 48),
(992, 'Lopez Jaena', 48),
(993, 'Panaon', 48),
(994, 'Plaridel', 48),
(995, 'Sapang Dalaga', 48),
(996, 'Sinacaban', 48),
(997, 'Tudela', 48),
(998, 'Cagayan de Oro', 49),
(999, 'Gingoog City', 49),
(1000, 'Alubijid', 49),
(1001, 'Balingasag', 49),
(1002, 'Balingoan', 49),
(1003, 'Binuangan', 49),
(1004, 'Claveria', 49),
(1005, 'El Salvador', 49),
(1006, 'Gitagum', 49),
(1007, 'Initao', 49),
(1008, 'Jasaan', 49),
(1009, 'Kinoguitan', 49),
(1010, 'Lagonglong', 49),
(1011, 'Laguindingan', 49),
(1012, 'Libertad', 49),
(1013, 'Lugait', 49),
(1014, 'Magsaysay', 49),
(1015, 'Manticao', 49),
(1016, 'Medina', 49),
(1017, 'Naawan', 49),
(1018, 'Opol', 49),
(1019, 'Salay', 49),
(1020, 'Sugbongcogon', 49),
(1021, 'Tagoloan', 49),
(1022, 'Talisayan', 49),
(1023, 'Villanueva', 49),
(1024, 'Barlig', 50),
(1025, 'Bauko', 50),
(1026, 'Besao', 50),
(1027, 'Bontoc', 50),
(1028, 'Natonin', 50),
(1029, 'Paracelis', 50),
(1030, 'Sabangan', 50),
(1031, 'Sadanga', 50),
(1032, 'Sagada', 50),
(1033, 'Tadian', 50),
(1034, 'Bacolod City', 51),
(1035, 'Bago City', 51),
(1036, 'Cadiz City', 51),
(1037, 'Escalante City', 51),
(1038, 'Himamaylan City', 51),
(1039, 'Kabankalan City', 51),
(1040, 'La Carlota City', 51),
(1041, 'Sagay City', 51),
(1042, 'San Carlos City', 51),
(1043, 'Silay City', 51),
(1044, 'Sipalay City', 51),
(1045, 'Talisay City', 51),
(1046, 'Victorias City', 51),
(1047, 'Binalbagan', 51),
(1048, 'Calatrava', 51),
(1049, 'Candoni', 51),
(1050, 'Cauayan', 51),
(1051, 'Enrique B. Magalona', 51),
(1052, 'Hinigaran', 51),
(1053, 'Hinoba-an', 51),
(1054, 'Ilog', 51),
(1055, 'Isabela', 51),
(1056, 'La Castellana', 51),
(1057, 'Manapla', 51),
(1058, 'Moises Padilla', 51),
(1059, 'Murcia', 51),
(1060, 'Pontevedra', 51),
(1061, 'Pulupandan', 51),
(1062, 'Salvador Benedicto', 51),
(1063, 'San Enrique', 51),
(1064, 'Toboso', 51),
(1065, 'Valladolid', 51),
(1066, 'Bais City', 52),
(1067, 'Bayawan City', 52),
(1068, 'Canlaon City', 52),
(1069, 'Guihulngan City', 52),
(1070, 'Dumaguete City', 52),
(1071, 'Tanjay City', 52),
(1072, 'Amlan', 52),
(1073, 'Ayungon', 52),
(1074, 'Bacong', 52),
(1075, 'Basay', 52),
(1076, 'Bindoy', 52),
(1077, 'Dauin', 52),
(1078, 'Jimalalud', 52),
(1079, 'La Libertad', 52),
(1080, 'Mabinay', 52),
(1081, 'Manjuyod', 52),
(1082, 'Pamplona', 52),
(1083, 'San Jose', 52),
(1084, 'Santa Catalina', 52),
(1085, 'Siaton', 52),
(1086, 'Sibulan', 52),
(1087, 'Tayasan', 52),
(1088, 'Valencia', 52),
(1089, 'Vallehermoso', 52),
(1090, 'Zamboanguita', 52),
(1091, 'Allen', 53),
(1092, 'Biri', 53),
(1093, 'Bobon', 53),
(1094, 'Capul', 53),
(1095, 'Catarman', 53),
(1096, 'Catubig', 53),
(1097, 'Gamay', 53),
(1098, 'Laoang', 53),
(1099, 'Lapinig', 53),
(1100, 'Las Navas', 53),
(1101, 'Lavezares', 53),
(1102, 'Lope de Vega', 53),
(1103, 'Mapanas', 53),
(1104, 'Mondragon', 53),
(1105, 'Palapag', 53),
(1106, 'Pambujan', 53),
(1107, 'Rosario', 53),
(1108, 'San Antonio', 53),
(1109, 'San Isidro', 53),
(1110, 'San Jose', 53),
(1111, 'San Roque', 53),
(1112, 'San Vicente', 53),
(1113, 'Silvino Lobos', 53),
(1114, 'Victoria', 53),
(1115, 'Cabanatuan City', 54),
(1116, 'Gapan City', 54),
(1117, 'Science City of Muñoz', 54),
(1118, 'Palayan City', 54),
(1119, 'San Jose City', 54),
(1120, 'Aliaga', 54),
(1121, 'Bongabon', 54),
(1122, 'Cabiao', 54),
(1123, 'Carranglan', 54),
(1124, 'Cuyapo', 54),
(1125, 'Gabaldon', 54),
(1126, 'General Mamerto Natividad', 54),
(1127, 'General Tinio', 54),
(1128, 'Guimba', 54),
(1129, 'Jaen', 54),
(1130, 'Laur', 54),
(1131, 'Licab', 54),
(1132, 'Llanera', 54),
(1133, 'Lupao', 54),
(1134, 'Nampicuan', 54),
(1135, 'Pantabangan', 54),
(1136, 'Peñaranda', 54),
(1137, 'Quezon', 54),
(1138, 'Rizal', 54),
(1139, 'San Antonio', 54),
(1140, 'San Isidro', 54),
(1141, 'San Leonardo', 54),
(1142, 'Santa Rosa', 54),
(1143, 'Santo Domingo', 54),
(1144, 'Talavera', 54),
(1145, 'Talugtug', 54),
(1146, 'Zaragoza', 54),
(1147, 'Alfonso Castaneda', 55),
(1148, 'Ambaguio', 55),
(1149, 'Aritao', 55),
(1150, 'Bagabag', 55),
(1151, 'Bambang', 55),
(1152, 'Bayombong', 55),
(1153, 'Diadi', 55),
(1154, 'Dupax del Norte', 55),
(1155, 'Dupax del Sur', 55),
(1156, 'Kasibu', 55),
(1157, 'Kayapa', 55),
(1158, 'Quezon', 55),
(1159, 'Santa Fe', 55),
(1160, 'Solano', 55),
(1161, 'Villaverde', 55),
(1162, 'Abra de Ilog', 56),
(1163, 'Calintaan', 56),
(1164, 'Looc', 56),
(1165, 'Lubang', 56),
(1166, 'Magsaysay', 56),
(1167, 'Mamburao', 56),
(1168, 'Paluan', 56),
(1169, 'Rizal', 56),
(1170, 'Sablayan', 56),
(1171, 'San Jose', 56),
(1172, 'Santa Cruz', 56),
(1173, 'Calapan City', 57),
(1174, 'Baco', 57),
(1175, 'Bansud', 57),
(1176, 'Bongabong', 57),
(1177, 'Bulalacao', 57),
(1178, 'Gloria', 57),
(1179, 'Mansalay', 57),
(1180, 'Naujan', 57),
(1181, 'Pinamalayan', 57),
(1182, 'Pola', 57),
(1183, 'Puerto Galera', 57),
(1184, 'Roxas', 57),
(1185, 'San Teodoro', 57),
(1186, 'Socorro', 57),
(1187, 'Victoria', 57),
(1188, 'Puerto Princesa City', 58),
(1189, 'Aborlan', 58),
(1190, 'Agutaya', 58),
(1191, 'Araceli', 58),
(1192, 'Balabac', 58),
(1193, 'Bataraza', 58),
(1194, 'Brooke''s Point', 58),
(1195, 'Busuanga', 58),
(1196, 'Cagayancillo', 58),
(1197, 'Coron', 58),
(1198, 'Culion', 58),
(1199, 'Cuyo', 58),
(1200, 'Dumaran', 58),
(1201, 'El Nido', 58),
(1202, 'Kalayaan', 58),
(1203, 'Linapacan', 58),
(1204, 'Magsaysay', 58),
(1205, 'Narra', 58),
(1206, 'Quezon', 58),
(1207, 'Rizal', 58),
(1208, 'Roxas', 58),
(1209, 'San Vicente', 58),
(1210, 'Sofronio Española', 58),
(1211, 'Taytay', 58),
(1212, 'Angeles City', 59),
(1213, 'City of San Fernando', 59),
(1214, 'Apalit', 59),
(1215, 'Arayat', 59),
(1216, 'Bacolor', 59),
(1217, 'Candaba', 59),
(1218, 'Floridablanca', 59),
(1219, 'Guagua', 59),
(1220, 'Lubao', 59),
(1221, 'Mabalacat', 59),
(1222, 'Macabebe', 59),
(1223, 'Magalang', 59),
(1224, 'Masantol', 59),
(1225, 'Mexico', 59),
(1226, 'Minalin', 59),
(1227, 'Porac', 59),
(1228, 'San Luis', 59),
(1229, 'San Simon', 59),
(1230, 'Santa Ana', 59),
(1231, 'Santa Rita', 59),
(1232, 'Santo Tomas', 59),
(1233, 'Sasmuan', 59),
(1234, 'Alaminos City', 60),
(1235, 'Dagupan City', 60),
(1236, 'San Carlos City', 60),
(1237, 'Urdaneta City', 60),
(1238, 'Agno', 60),
(1239, 'Aguilar', 60),
(1240, 'Alcala', 60),
(1241, 'Anda', 60),
(1242, 'Asingan', 60),
(1243, 'Balungao', 60),
(1244, 'Bani', 60),
(1245, 'Basista', 60),
(1246, 'Bautista', 60),
(1247, 'Bayambang', 60),
(1248, 'Binalonan', 60),
(1249, 'Binmaley', 60),
(1250, 'Bolinao', 60),
(1251, 'Bugallon', 60),
(1252, 'Burgos', 60),
(1253, 'Calasiao', 60),
(1254, 'Dasol', 60),
(1255, 'Infanta', 60),
(1256, 'Labrador', 60),
(1257, 'Laoac', 60),
(1258, 'Lingayen', 60),
(1259, 'Mabini', 60),
(1260, 'Malasiqui', 60),
(1261, 'Manaoag', 60),
(1262, 'Mangaldan', 60),
(1263, 'Mangatarem', 60),
(1264, 'Mapandan', 60),
(1265, 'Natividad', 60),
(1266, 'Pozzorubio', 60),
(1267, 'Rosales', 60),
(1268, 'San Fabian', 60),
(1269, 'San Jacinto', 60),
(1270, 'San Manuel', 60),
(1271, 'San Nicolas', 60),
(1272, 'San Quintin', 60),
(1273, 'Santa Barbara', 60),
(1274, 'Santa Maria', 60),
(1275, 'Santo Tomas', 60),
(1276, 'Sison', 60),
(1277, 'Sual', 60),
(1278, 'Tayug', 60),
(1279, 'Umingan', 60),
(1280, 'Urbiztondo', 60),
(1281, 'Villasis', 60),
(1282, 'Lucena City', 61),
(1283, 'Tayabas City', 61),
(1284, 'Agdangan', 61),
(1285, 'Alabat', 61),
(1286, 'Atimonan', 61),
(1287, 'Buenavista', 61),
(1288, 'Burdeos', 61),
(1289, 'Calauag', 61),
(1290, 'Candelaria', 61),
(1291, 'Catanauan', 61),
(1292, 'Dolores', 61),
(1293, 'General Luna', 61),
(1294, 'General Nakar', 61),
(1295, 'Guinayangan', 61),
(1296, 'Gumaca', 61),
(1297, 'Infanta', 61),
(1298, 'Jomalig', 61),
(1299, 'Lopez', 61),
(1300, 'Lucban', 61),
(1301, 'Macalelon', 61),
(1302, 'Mauban', 61),
(1303, 'Mulanay', 61),
(1304, 'Padre Burgos', 61),
(1305, 'Pagbilao', 61),
(1306, 'Panukulan', 61),
(1307, 'Patnanungan', 61),
(1308, 'Perez', 61),
(1309, 'Pitogo', 61),
(1310, 'Plaridel', 61),
(1311, 'Polillo', 61),
(1312, 'Quezon', 61),
(1313, 'Real', 61),
(1314, 'Sampaloc', 61),
(1315, 'San Andres', 61),
(1316, 'San Antonio', 61),
(1317, 'San Francisco', 61),
(1318, 'San Narciso', 61),
(1319, 'Sariaya', 61),
(1320, 'Tagkawayan', 61),
(1321, 'Tiaong', 61),
(1322, 'Unisan', 61),
(1323, 'Aglipay', 62),
(1324, 'Cabarroguis', 62),
(1325, 'Diffun', 62),
(1326, 'Maddela', 62),
(1327, 'Nagtipunan', 62),
(1328, 'Saguday', 62),
(1329, 'Antipolo City', 63),
(1330, 'Angono', 63),
(1331, 'Baras', 63),
(1332, 'Binangonan', 63),
(1333, 'Cainta', 63),
(1334, 'Cardona', 63),
(1335, 'Jalajala', 63),
(1336, 'Morong', 63),
(1337, 'Pililla', 63),
(1338, 'Rodriguez', 63),
(1339, 'San Mateo', 63),
(1340, 'Tanay', 63),
(1341, 'Taytay', 63),
(1342, 'Teresa', 63),
(1343, 'Alcantara', 64),
(1344, 'Banton', 64),
(1345, 'Cajidiocan', 64),
(1346, 'Calatrava', 64),
(1347, 'Concepcion', 64),
(1348, 'Corcuera', 64),
(1349, 'Ferrol', 64),
(1350, 'Looc', 64),
(1351, 'Magdiwang', 64),
(1352, 'Odiongan', 64),
(1353, 'Romblon', 64),
(1354, 'San Agustin', 64),
(1355, 'San Andres', 64),
(1356, 'San Fernando', 64),
(1357, 'San Jose', 64),
(1358, 'Santa Fe', 64),
(1359, 'Santa Maria', 64),
(1360, 'Calbayog City', 65),
(1361, 'Catbalogan City', 65),
(1362, 'Almagro', 65),
(1363, 'Basey', 65),
(1364, 'Calbiga', 65),
(1365, 'Daram', 65),
(1366, 'Gandara', 65),
(1367, 'Hinabangan', 65),
(1368, 'Jiabong', 65),
(1369, 'Marabut', 65),
(1370, 'Matuguinao', 65),
(1371, 'Motiong', 65),
(1372, 'Pagsanghan', 65),
(1373, 'Paranas', 65),
(1374, 'Pinabacdao', 65),
(1375, 'San Jorge', 65),
(1376, 'San Jose De Buan', 65),
(1377, 'San Sebastian', 65),
(1378, 'Santa Margarita', 65),
(1379, 'Santa Rita', 65),
(1380, 'Santo Niño', 65),
(1381, 'Tagapul-an', 65),
(1382, 'Talalora', 65),
(1383, 'Tarangnan', 65),
(1384, 'Villareal', 65),
(1385, 'Zumarraga', 65),
(1386, 'Alabel', 66),
(1387, 'Glan', 66),
(1388, 'Kiamba', 66),
(1389, 'Maasim', 66),
(1390, 'Maitum', 66),
(1391, 'Malapatan', 66),
(1392, 'Malungon', 66),
(1393, 'Enrique Villanueva', 67),
(1394, 'Larena', 67),
(1395, 'Lazi', 67),
(1396, 'Maria', 67),
(1397, 'San Juan', 67),
(1398, 'Siquijor', 67),
(1399, 'Sorsogon City', 68),
(1400, 'Barcelona', 68),
(1401, 'Bulan', 68),
(1402, 'Bulusan', 68),
(1403, 'Casiguran', 68),
(1404, 'Castilla', 68),
(1405, 'Donsol', 68),
(1406, 'Gubat', 68),
(1407, 'Irosin', 68),
(1408, 'Juban', 68),
(1409, 'Magallanes', 68),
(1410, 'Matnog', 68),
(1411, 'Pilar', 68),
(1412, 'Prieto Diaz', 68),
(1413, 'Santa Magdalena', 68),
(1414, 'General Santos City', 69),
(1415, 'Koronadal City', 69),
(1416, 'Banga', 69),
(1417, 'Lake Sebu', 69),
(1418, 'Norala', 69),
(1419, 'Polomolok', 69),
(1420, 'Santo Niño', 69),
(1421, 'Surallah', 69),
(1422, 'T''boli', 69),
(1423, 'Tampakan', 69),
(1424, 'Tantangan', 69),
(1425, 'Tupi', 69),
(1426, 'Maasin City', 70),
(1427, 'Anahawan', 70),
(1428, 'Bontoc', 70),
(1429, 'Hinunangan', 70),
(1430, 'Hinundayan', 70),
(1431, 'Libagon', 70),
(1432, 'Liloan', 70),
(1433, 'Limasawa', 70),
(1434, 'Macrohon', 70),
(1435, 'Malitbog', 70),
(1436, 'Padre Burgos', 70),
(1437, 'Pintuyan', 70),
(1438, 'Saint Bernard', 70),
(1439, 'San Francisco', 70),
(1440, 'San Juan', 70),
(1441, 'San Ricardo', 70),
(1442, 'Silago', 70),
(1443, 'Sogod', 70),
(1444, 'Tomas Oppus', 70),
(1445, 'Tacurong City', 71),
(1446, 'Bagumbayan', 71),
(1447, 'Columbio', 71),
(1448, 'Esperanza', 71),
(1449, 'Isulan', 71),
(1450, 'Kalamansig', 71),
(1451, 'Lambayong', 71),
(1452, 'Lebak', 71),
(1453, 'Lutayan', 71),
(1454, 'Palimbang', 71),
(1455, 'President Quirino', 71),
(1456, 'Senator Ninoy Aquino', 71),
(1457, 'Banguingui', 72),
(1458, 'Hadji Panglima Tahil', 72),
(1459, 'Indanan', 72),
(1460, 'Jolo', 72),
(1461, 'Kalingalan Caluang', 72),
(1462, 'Lugus', 72),
(1463, 'Luuk', 72),
(1464, 'Maimbung', 72),
(1465, 'Old Panamao', 72),
(1466, 'Omar', 72),
(1467, 'Pandami', 72),
(1468, 'Panglima Estino', 72),
(1469, 'Pangutaran', 72),
(1470, 'Parang', 72),
(1471, 'Pata', 72),
(1472, 'Patikul', 72),
(1473, 'Siasi', 72),
(1474, 'Talipao', 72),
(1475, 'Tapul', 72),
(1476, 'Surigao City', 73),
(1477, 'Alegria', 73),
(1478, 'Bacuag', 73),
(1479, 'Basilisa', 73),
(1480, 'Burgos', 73),
(1481, 'Cagdianao', 73),
(1482, 'Claver', 73),
(1483, 'Dapa', 73),
(1484, 'Del Carmen', 73),
(1485, 'Dinagat', 73),
(1486, 'General Luna', 73),
(1487, 'Gigaquit', 73),
(1488, 'Libjo', 73),
(1489, 'Loreto', 73),
(1490, 'Mainit', 73),
(1491, 'Malimono', 73),
(1492, 'Pilar', 73),
(1493, 'Placer', 73),
(1494, 'San Benito', 73),
(1495, 'San Francisco', 73),
(1496, 'San Isidro', 73),
(1497, 'San Jose', 73),
(1498, 'Santa Monica', 73),
(1499, 'Sison', 73),
(1500, 'Socorro', 73),
(1501, 'Tagana-an', 73),
(1502, 'Tubajon', 73),
(1503, 'Tubod', 73),
(1504, 'Bislig City', 74),
(1505, 'Tandag City', 74),
(1506, 'Barobo', 74),
(1507, 'Bayabas', 74),
(1508, 'Cagwait', 74),
(1509, 'Cantilan', 74),
(1510, 'Carmen', 74),
(1511, 'Carrascal', 74),
(1512, 'Cortes', 74),
(1513, 'Hinatuan', 74),
(1514, 'Lanuza', 74),
(1515, 'Lianga', 74),
(1516, 'Lingig', 74),
(1517, 'Madrid', 74),
(1518, 'Marihatag', 74),
(1519, 'San Agustin', 74),
(1520, 'San Miguel', 74),
(1521, 'Tagbina', 74),
(1522, 'Tago', 74),
(1523, 'Tarlac City', 75),
(1524, 'Anao', 75),
(1525, 'Bamban', 75),
(1526, 'Camiling', 75),
(1527, 'Capas', 75),
(1528, 'Concepcion', 75),
(1529, 'Gerona', 75),
(1530, 'La Paz', 75),
(1531, 'Mayantoc', 75),
(1532, 'Moncada', 75),
(1533, 'Paniqui', 75),
(1534, 'Pura', 75),
(1535, 'Ramos', 75),
(1536, 'San Clemente', 75),
(1537, 'San Jose', 75),
(1538, 'San Manuel', 75),
(1539, 'Santa Ignacia', 75),
(1540, 'Victoria', 75),
(1541, 'Bongao', 76),
(1542, 'Languyan', 76),
(1543, 'Mapun', 76),
(1544, 'Panglima Sugala', 76),
(1545, 'Sapa-Sapa', 76),
(1546, 'Sibutu', 76),
(1547, 'Simunul', 76),
(1548, 'Sitangkai', 76),
(1549, 'South Ubian', 76),
(1550, 'Tandubas', 76),
(1551, 'Turtle Islands', 76),
(1552, 'Olongapo City', 77),
(1553, 'Botolan', 77),
(1554, 'Cabangan', 77),
(1555, 'Candelaria', 77),
(1556, 'Castillejos', 77),
(1557, 'Iba', 77),
(1558, 'Masinloc', 77),
(1559, 'Palauig', 77),
(1560, 'San Antonio', 77),
(1561, 'San Felipe', 77),
(1562, 'San Marcelino', 77),
(1563, 'San Narciso', 77),
(1564, 'Santa Cruz', 77),
(1565, 'Subic', 77),
(1566, 'Dapitan City', 78),
(1567, 'Dipolog City', 78),
(1568, 'Bacungan', 78),
(1569, 'Baliguian', 78),
(1570, 'Godod', 78),
(1571, 'Gutalac', 78),
(1572, 'Jose Dalman', 78),
(1573, 'Kalawit', 78),
(1574, 'Katipunan', 78),
(1575, 'La Libertad', 78),
(1576, 'Labason', 78),
(1577, 'Liloy', 78),
(1578, 'Manukan', 78),
(1579, 'Mutia', 78),
(1580, 'Piñan', 78),
(1581, 'Polanco', 78),
(1582, 'President Manuel A. Roxas', 78),
(1583, 'Rizal', 78),
(1584, 'Salug', 78),
(1585, 'Sergio Osmeña Sr.', 78),
(1586, 'Siayan', 78),
(1587, 'Sibuco', 78),
(1588, 'Sibutad', 78),
(1589, 'Sindangan', 78),
(1590, 'Siocon', 78),
(1591, 'Sirawai', 78),
(1592, 'Tampilisan', 78),
(1593, 'Pagadian City', 79),
(1594, 'Zamboanga City', 79),
(1595, 'Aurora', 79),
(1596, 'Bayog', 79),
(1597, 'Dimataling', 79),
(1598, 'Dinas', 79),
(1599, 'Dumalinao', 79),
(1600, 'Dumingag', 79),
(1601, 'Guipos', 79),
(1602, 'Josefina', 79),
(1603, 'Kumalarang', 79),
(1604, 'Labangan', 79),
(1605, 'Lakewood', 79),
(1606, 'Lapuyan', 79),
(1607, 'Mahayag', 79),
(1608, 'Margosatubig', 79),
(1609, 'Midsalip', 79),
(1610, 'Molave', 79),
(1611, 'Pitogo', 79),
(1612, 'Ramon Magsaysay', 79),
(1613, 'San Miguel', 79),
(1614, 'San Pablo', 79),
(1615, 'Sominot', 79),
(1616, 'Tabina', 79),
(1617, 'Tambulig', 79),
(1618, 'Tigbao', 79),
(1619, 'Tukuran', 79),
(1620, 'Vincenzo A. Sagun', 79),
(1621, 'Alicia', 80),
(1622, 'Buug', 80),
(1623, 'Diplahan', 80),
(1624, 'Imelda', 80),
(1625, 'Ipil', 80),
(1626, 'Kabasalan', 80),
(1627, 'Mabuhay', 80),
(1628, 'Malangas', 80),
(1629, 'Naga', 80),
(1630, 'Olutanga', 80),
(1631, 'Payao', 80),
(1632, 'Roseller Lim', 80),
(1633, 'Siay', 80),
(1634, 'Talusan', 80),
(1635, 'Titay', 80),
(1636, 'Tungawan', 80);

-- --------------------------------------------------------

--
-- Table structure for table `college`
--

CREATE TABLE IF NOT EXISTS `college` (
  `ID` int(11) NOT NULL AUTO_INCREMENT,
  `NAME` varchar(50) NOT NULL,
  `CAMPUS_ID` int(11) NOT NULL,
  PRIMARY KEY (`ID`)
) ENGINE=InnoDB  DEFAULT CHARSET=latin1 AUTO_INCREMENT=6 ;

--
-- Dumping data for table `college`
--

INSERT INTO `college` (`ID`, `NAME`, `CAMPUS_ID`) VALUES
(1, 'College of Arts and Sciences', 1),
(2, 'College of Industrial Technology', 1),
(3, 'College of Criminal Justice Education', 1),
(4, 'College of Education', 2),
(5, 'College of Business Administration', 2);

-- --------------------------------------------------------

--
-- Table structure for table `course`
--

CREATE TABLE IF NOT EXISTS `course` (
  `ID` int(11) NOT NULL AUTO_INCREMENT,
  `NAME` varchar(50) NOT NULL,
  `COLLEGE_ID` int(11) NOT NULL,
  PRIMARY KEY (`ID`)
) ENGINE=InnoDB  DEFAULT CHARSET=latin1 AUTO_INCREMENT=17 ;

--
-- Dumping data for table `course`
--

INSERT INTO `course` (`ID`, `NAME`, `COLLEGE_ID`) VALUES
(1, 'Associate In Computer Science', 1),
(2, 'Associate in Information Technology', 1),
(3, 'Bachelor of Science in Computer Science', 1),
(4, 'Bachelor of Science in Information Technology', 1),
(5, 'Associate in Industrial Technology', 2),
(6, 'Associate in Medical Dental Nursing Assistant', 2),
(7, 'Bachelor of Science in Fisheries', 2),
(8, 'Bachelor of Science in Industrial Technology', 2),
(9, 'Bachelor of Science in Criminology', 3),
(10, 'Bachelor of Elementary Education', 4),
(11, 'Bachelor of Secondary Education', 4),
(12, 'Associate in Hospitality Management', 5),
(13, 'Bachelor of Science in Hospitality Management', 5),
(14, 'Associate in Office Systems Management', 5),
(15, 'Bachelor of Science in Office Systems Management', 5),
(16, 'Bachelor of Science in Business Administration', 5);

-- --------------------------------------------------------

--
-- Table structure for table `major`
--

CREATE TABLE IF NOT EXISTS `major` (
  `ID` int(11) NOT NULL AUTO_INCREMENT,
  `NAME` varchar(50) NOT NULL,
  `COURSE_ID` int(11) NOT NULL,
  PRIMARY KEY (`ID`)
) ENGINE=InnoDB  DEFAULT CHARSET=latin1 AUTO_INCREMENT=33 ;

--
-- Dumping data for table `major`
--

INSERT INTO `major` (`ID`, `NAME`, `COURSE_ID`) VALUES
(1, 'N/A', 1),
(2, 'N/A', 2),
(3, 'N/A', 3),
(4, 'N/A', 4),
(5, 'Automotive Technology', 5),
(6, 'Computer Technology', 5),
(7, 'Electrical Technology', 5),
(8, 'Electronic Technology', 5),
(9, 'Food Technology', 5),
(10, 'N/A', 6),
(11, 'N/A', 7),
(12, 'Automotive Technology', 8),
(13, 'Computer Technology', 8),
(14, 'Electrical Technology', 8),
(15, 'Electronic Technology', 8),
(16, 'Food Technology', 8),
(17, 'N/A', 9),
(18, 'General Curriculum', 10),
(19, 'Biological Science', 11),
(20, 'English', 11),
(21, 'MAPEH', 11),
(22, 'Mathematics', 11),
(23, 'Social Science', 11),
(24, 'Filipino', 11),
(25, 'TLE', 11),
(26, 'N/A', 12),
(27, 'N/A', 13),
(28, 'N/A', 14),
(29, 'N/A', 15),
(30, 'Financial Management', 16),
(31, 'Marketing Management', 16),
(32, 'Human Resource Development Management', 16);

-- --------------------------------------------------------

--
-- Table structure for table `printing`
--

CREATE TABLE IF NOT EXISTS `printing` (
  `STUDENT_NO` varchar(15) NOT NULL,
  `USERNAME` varchar(50) NOT NULL
) ENGINE=InnoDB DEFAULT CHARSET=latin1;

--
-- Dumping data for table `printing`
--

INSERT INTO `printing` (`STUDENT_NO`, `USERNAME`) VALUES
('B1-36-2017', ''),
('B1-37-2017', ''),
('B1-43-2017', '');

-- --------------------------------------------------------

--
-- Table structure for table `provinces`
--

CREATE TABLE IF NOT EXISTS `provinces` (
  `id` int(11) unsigned NOT NULL AUTO_INCREMENT,
  `name` varchar(300) CHARACTER SET utf8 COLLATE utf8_unicode_ci NOT NULL,
  PRIMARY KEY (`id`)
) ENGINE=InnoDB  DEFAULT CHARSET=latin1 AUTO_INCREMENT=81 ;

--
-- Dumping data for table `provinces`
--

INSERT INTO `provinces` (`id`, `name`) VALUES
(1, 'Abra'),
(2, 'Agusan del Norte'),
(3, 'Agusan del Sur'),
(4, 'Aklan'),
(5, 'Albay'),
(6, 'Antique'),
(7, 'Apayao'),
(8, 'Aurora'),
(9, 'Basilan'),
(10, 'Bataan'),
(11, 'Batanes'),
(12, 'Batangas'),
(13, 'Benguet'),
(14, 'Biliran'),
(15, 'Bohol'),
(16, 'Bukidnon'),
(17, 'Bulacan'),
(18, 'Cagayan'),
(19, 'Camarines Norte'),
(20, 'Camarines Sur'),
(21, 'Camiguin'),
(22, 'Capiz'),
(23, 'Catanduanes'),
(24, 'Cavite'),
(25, 'Cebu'),
(26, 'Compostela Valley'),
(27, 'Cotabato'),
(28, 'Davao del Norte'),
(29, 'Davao del Sur'),
(30, 'Davao Oriental'),
(31, 'Eastern Samar'),
(32, 'Guimaras'),
(33, 'Ifugao'),
(34, 'Ilocos Norte'),
(35, 'Ilocos Sur'),
(36, 'Iloilo'),
(37, 'Isabela'),
(38, 'Kalinga'),
(39, 'La Union'),
(40, 'Laguna'),
(41, 'Lanao del Norte'),
(42, 'Lanao del Sur'),
(43, 'Leyte'),
(44, 'Maguindanao'),
(45, 'Marinduque'),
(46, 'Masbate'),
(47, 'Metro Manila'),
(48, 'Misamis Occidental'),
(49, 'Misamis Oriental'),
(50, 'Mountain Province'),
(51, 'Negros Occidental'),
(52, 'Negros Oriental'),
(53, 'Northern Samar'),
(54, 'Nueva Ecija'),
(55, 'Nueva Vizcaya'),
(56, 'Occidental Mindoro'),
(57, 'Oriental Mindoro'),
(58, 'Palawan'),
(59, 'Pampanga'),
(60, 'Pangasinan'),
(61, 'Quezon'),
(62, 'Quirino'),
(63, 'Rizal'),
(64, 'Romblon'),
(65, 'Samar'),
(66, 'Sarangani'),
(67, 'Siquijor'),
(68, 'Sorsogon'),
(69, 'South Cotabato'),
(70, 'Southern Leyte'),
(71, 'Sultan Kudarat'),
(72, 'Sulu'),
(73, 'Surigao del Norte'),
(74, 'Surigao del Sur'),
(75, 'Tarlac'),
(76, 'Tawi-Tawi'),
(77, 'Zambales'),
(78, 'Zamboanga del Norte'),
(79, 'Zamboanga del Sur'),
(80, 'Zamboanga Sibugay');

-- --------------------------------------------------------

--
-- Table structure for table `schedule`
--

CREATE TABLE IF NOT EXISTS `schedule` (
  `ID` int(11) NOT NULL,
  `SCHEDULE` varchar(50) NOT NULL,
  PRIMARY KEY (`ID`)
) ENGINE=InnoDB DEFAULT CHARSET=latin1;

--
-- Dumping data for table `schedule`
--

INSERT INTO `schedule` (`ID`, `SCHEDULE`) VALUES
(1, 'MWF/07:00-08:00 AM'),
(2, 'MWF/08:00-09:00 AM'),
(3, 'MWF/09:00-10:00 AM'),
(4, 'MWF/10:00-11:00 AM'),
(5, 'MWF/11:00-12:00 AM'),
(6, 'MWF/01:00-02:00 PM'),
(7, 'MWF/02:00-03:00 PM'),
(8, 'MWF/03:00-04:00 PM'),
(9, 'MWF/04:00-05:00 PM'),
(10, 'MWF/05:30-06:30 PM'),
(11, 'MWF/06:30-07:30 PM'),
(12, 'MWF/07:30-08:30 PM'),
(13, 'TTh/07:00-08:30 AM'),
(14, 'TTh/08:30-10:00 AM'),
(15, 'TTh/10:00-11:30 AM'),
(16, 'TTh/01:00-02:30 PM'),
(17, 'TTh/02:30-04:00 PM'),
(18, 'TTh/04:00-05:30 PM'),
(19, 'TTh/05:30-07:00 PM'),
(20, 'TTh/07:00-08:30 PM'),
(21, 'DAILY/07:00-08:00 AM'),
(22, 'DAILY/08:00-09:00 AM'),
(23, 'DAILY/09:00-10:00 AM'),
(24, 'DAILY/10:00-11:00 AM'),
(25, 'DAILY/11:00-12:00 AM'),
(26, 'DAILY/01:00-02:00 PM'),
(27, 'DAILY/02:00-03:00 PM'),
(28, 'DAILY/03:00-04:00 PM'),
(29, 'DAILY/04:00-05:00 PM'),
(30, 'DAILY/05:30-06:30 PM'),
(31, 'DAILY/06:30-07:30 PM'),
(32, 'DAILY/07:30-08:30 PM'),
(33, 'DAILY/08:00-10:00 AM'),
(34, 'DAILY/10:00-12:00 NN'),
(35, 'DAILY/01:00-03:00 PM'),
(36, 'DAILY/03:00-05:00 PM'),
(37, 'SAT/07:00-10:00 AM'),
(38, 'SAT/10:00-01:00 PM'),
(39, 'SAT/02:00-05:00 PM'),
(40, 'SAT/05:00-08:00 PM');

-- --------------------------------------------------------

--
-- Table structure for table `schedule_conflict_level_2`
--

CREATE TABLE IF NOT EXISTS `schedule_conflict_level_2` (
  `SCHEDULE_ID` int(11) NOT NULL,
  `CONFLICT` int(11) NOT NULL,
  KEY `SCHEDULE_ID` (`SCHEDULE_ID`)
) ENGINE=InnoDB DEFAULT CHARSET=latin1;

--
-- Dumping data for table `schedule_conflict_level_2`
--

INSERT INTO `schedule_conflict_level_2` (`SCHEDULE_ID`, `CONFLICT`) VALUES
(1, 21),
(2, 22),
(2, 33),
(3, 23),
(3, 33),
(4, 24),
(4, 34),
(5, 25),
(5, 34),
(6, 26),
(6, 35),
(7, 27),
(7, 35),
(8, 28),
(8, 36),
(9, 29),
(9, 36),
(10, 30),
(11, 31),
(22, 32),
(13, 21),
(13, 33),
(13, 22),
(14, 22),
(14, 23),
(14, 33),
(15, 24),
(15, 25),
(15, 34),
(16, 26),
(16, 27),
(16, 35),
(17, 27),
(17, 28),
(17, 35),
(17, 36),
(18, 29),
(18, 36),
(19, 30),
(19, 31),
(20, 31),
(20, 32),
(21, 1),
(21, 13),
(22, 2),
(22, 13),
(22, 14),
(22, 33),
(23, 3),
(23, 14),
(23, 33),
(24, 4),
(24, 15),
(24, 34),
(25, 5),
(25, 15),
(25, 34),
(26, 6),
(26, 16),
(26, 35),
(27, 7),
(27, 16),
(27, 17),
(27, 35),
(28, 8),
(28, 17),
(28, 36),
(29, 9),
(29, 18),
(29, 36),
(30, 10),
(30, 19),
(31, 11),
(31, 19),
(31, 20),
(32, 22),
(32, 20),
(33, 2),
(33, 3),
(33, 13),
(33, 14),
(33, 22),
(33, 23),
(34, 4),
(34, 5),
(34, 15),
(34, 24),
(34, 25),
(35, 6),
(35, 7),
(35, 16),
(35, 17),
(35, 26),
(35, 27),
(36, 8),
(36, 9),
(36, 17),
(36, 18),
(36, 28),
(36, 29);

-- --------------------------------------------------------

--
-- Table structure for table `scholarship`
--

CREATE TABLE IF NOT EXISTS `scholarship` (
  `ID` int(11) NOT NULL,
  `GRANT` varchar(50) NOT NULL,
  `AMOUNT` decimal(16,2) NOT NULL,
  `CAT_ID` int(11) NOT NULL,
  PRIMARY KEY (`ID`)
) ENGINE=InnoDB DEFAULT CHARSET=latin1;

--
-- Dumping data for table `scholarship`
--

INSERT INTO `scholarship` (`ID`, `GRANT`, `AMOUNT`, `CAT_ID`) VALUES
(0, 'NONE', '0.00', 0),
(1, 'CHED DIWA/AGLIPAY', '5000.00', 1),
(2, 'CHED AKBAYAN', '3000.00', 1),
(3, 'CHED ESGPPA', '30000.00', 1),
(4, 'CHED GARIN', '3000.00', 1),
(5, 'CHED FS, PS, AFP-EBSO', '7500.00', 1),
(6, 'CHED FS, PS, AFP-EBSO', '1500.00', 1),
(7, 'CHED N.I.R.', '3000.00', 1),
(8, 'CHED N.I.R.', '6000.00', 1),
(9, 'CHED N.I.R. KALINGA PARTYLIST', '0.00', 1),
(10, 'CHED UNIDENTIFIED', '3000.00', 1),
(11, 'CHED DISTRICT I', '4000.00', 1),
(12, 'CHED DISTRICT II', '4770.00', 1),
(13, 'CHED DISTRICT II', '6770.00', 1),
(14, 'CHED DISTRICT II', '6000.00', 1),
(15, 'DISTRICT I', '4000.00', 2),
(16, 'DISTRICT II', '3000.00', 2),
(17, 'DISTRICT III', '4500.00', 2),
(18, 'DEGAMO', '2500.00', 3),
(19, 'DEGAMO', '5000.00', 3),
(20, 'MSSP/BM SAYSON', '2500.00', 3),
(21, 'DILG/BOLD', '4770.00', 3),
(22, 'DILG/BOLD', '6770.00', 3),
(23, 'DOST', '10000.00', 4),
(24, 'BAIS CITY LGU', '4770.00', 5),
(25, 'BAIS CITY LGU', '6770.00', 5),
(26, 'TANJAY CITY LGU', '6000.00', 5),
(27, 'CLFI', '5000.00', 6),
(28, 'DUNGGANON', '4770.00', 6),
(29, 'DUNGGANON', '6770.00', 6),
(30, 'FEDNORSUA', '4770.00', 6),
(31, 'LIFEBANK', '4770.00', 6),
(32, 'LIFEBANK', '6770.00', 6),
(33, 'NAPU', '4770.00', 6),
(34, 'NAPU', '6770.00', 6),
(35, 'NORSUFFA', '4770.00', 6),
(36, 'NORSUFFA', '6770.00', 6),
(37, 'W.K. CHANG', '4770.00', 6);

-- --------------------------------------------------------

--
-- Table structure for table `scholarship_cat`
--

CREATE TABLE IF NOT EXISTS `scholarship_cat` (
  `ID` int(11) NOT NULL,
  `CATEGORY` varchar(50) NOT NULL
) ENGINE=InnoDB DEFAULT CHARSET=latin1;

--
-- Dumping data for table `scholarship_cat`
--

INSERT INTO `scholarship_cat` (`ID`, `CATEGORY`) VALUES
(1, 'CHED'),
(2, 'CONGRESSIONAL'),
(3, 'PROVINCIAL LEVEL'),
(4, 'NATIONAL LEVEL'),
(5, 'LGU''S'),
(6, 'PRIVATE SECTOR');

-- --------------------------------------------------------

--
-- Table structure for table `student`
--

CREATE TABLE IF NOT EXISTS `student` (
  `STUDENT_NO` varchar(15) NOT NULL,
  `LASTNAME` varchar(25) NOT NULL,
  `FIRSTNAME` varchar(25) NOT NULL,
  `MIDDLENAME` varchar(25) NOT NULL,
  `GENDER` varchar(6) NOT NULL,
  `DOB` date NOT NULL,
  `DOB_PROV` int(2) NOT NULL,
  `DOB_TOWN` int(4) NOT NULL,
  `DOB_BAR` varchar(50) NOT NULL,
  `RES_PROV` int(2) NOT NULL,
  `RES_TOWN` int(4) NOT NULL,
  `RES_BAR` varchar(50) NOT NULL,
  `PER_PROV` int(2) NOT NULL,
  `PER_TOWN` int(4) NOT NULL,
  `PER_BAR` varchar(50) NOT NULL,
  `CONTACT_NO` varchar(13) NOT NULL,
  `TELEPHONE` varchar(8) NOT NULL,
  `EMAIL_USERNAME` varchar(50) NOT NULL,
  `EMAIL_PROVIDER` varchar(20) NOT NULL,
  `SN_SITE` varchar(15) NOT NULL,
  `SN_PROFILE` varchar(25) NOT NULL,
  `FI` decimal(16,2) NOT NULL,
  `MI` decimal(16,2) NOT NULL,
  `FPS` varchar(3) NOT NULL,
  `NS` int(2) NOT NULL,
  `AVT` varchar(3) NOT NULL,
  `DATE_ADDED` timestamp NOT NULL DEFAULT CURRENT_TIMESTAMP ON UPDATE CURRENT_TIMESTAMP,
  PRIMARY KEY (`STUDENT_NO`)
) ENGINE=InnoDB DEFAULT CHARSET=latin1;

--
-- Dumping data for table `student`
--

INSERT INTO `student` (`STUDENT_NO`, `LASTNAME`, `FIRSTNAME`, `MIDDLENAME`, `GENDER`, `DOB`, `DOB_PROV`, `DOB_TOWN`, `DOB_BAR`, `RES_PROV`, `RES_TOWN`, `RES_BAR`, `PER_PROV`, `PER_TOWN`, `PER_BAR`, `CONTACT_NO`, `TELEPHONE`, `EMAIL_USERNAME`, `EMAIL_PROVIDER`, `SN_SITE`, `SN_PROFILE`, `FI`, `MI`, `FPS`, `NS`, `AVT`, `DATE_ADDED`) VALUES
('B1-000032-2017', '', '', '', '', '0000-00-00', 0, 0, '', 0, 0, '', 0, 0, '', '', '', '', '', '', '', '0.00', '0.00', '', 0, '', '0000-00-00 00:00:00'),
('B1-000035-2017', '', '', '', '', '0000-00-00', 0, 0, '', 0, 0, '', 0, 0, '', '', '', '', '', '', '', '0.00', '0.00', '', 0, '', '0000-00-00 00:00:00'),
('B1-36-2017', 'Alejo', 'John Venheart', 'Torres', '1', '1992-08-16', 52, 1069, 'GDH', 52, 1066, 'San Jose, Brgy. 2', 52, 1071, 'San Jose, Brgy. 2', '9368445168', '000-0000', 'johnvenheartalejo16', 'gmail.com', 'facebook.com', 'jhearts.alejo', '0.00', '0.00', '', 0, '', '2017-10-01 01:23:04'),
('B1-37-2017', 'Alejo', 'John Venheart', 'Torres', '1', '1992-08-16', 52, 1069, 'GDH', 52, 1066, 'San Jose, Brgy. 2', 52, 1087, 'M', '', '', '', '', '', '', '0.00', '0.00', '', 0, '', '2017-05-06 07:17:00'),
('B1-38-2017', 'Alejo', 'John Venheart', 'Torres', '1', '1992-08-16', 52, 1069, 'GDH', 52, 1066, 'San Jose, Brgy. 2', 52, 1087, 'Matuog', '', '', '', '', '', '', '0.00', '0.00', '', 0, '', '2017-05-06 07:21:06'),
('B1-39-2017', 'Alejo1', 'John Venheart', 'Torres', '1', '1992-08-16', 52, 1071, 'GDH', 52, 1066, 'San Jose, Brgy. 2', 52, 1087, 'Matuog', '9368445168', '402-8842', 'john15', 'gmail.com', 'facebook.com', 'jhearts', '130000.00', '120000.00', 'No', 15, 'No', '2017-08-01 09:17:54'),
('B1-40-2017', 'Radoc', 'Kristal Claire', 'Gador', '0', '1992-10-31', 52, 1069, 'GDH', 52, 1087, 'Matuog', 52, 1087, 'Matuog', '', '', '', '', '', '', '0.00', '0.00', '', 0, '', '2017-05-07 04:41:55'),
('B1-41-2017', 'Radoc', 'Kristal Claire', 'Gador', '0', '1992-10-31', 52, 1069, 'GDH', 52, 1087, 'Tanlad', 52, 1087, 'Tayasan', '', '', '', '', '', '', '0.00', '0.00', '', 0, '', '2017-08-01 05:26:28'),
('B1-42-2017', 'Balasabas', 'Geralyn', 'Amper', '0', '2017-08-16', 52, 1076, 'Brgy 2.', 15, 227, 'Lapulapu', 18, 317, 'Alex', '121212', '', 'balasabas123', 'gmail.com', 'facebook.com', 'gera', '170000.00', '170000.00', 'No', 18, 'Yes', '2017-08-10 01:54:52'),
('B1-43-2017', 'ARMUHALLAS', 'Jason', 'Andalajao', '1', '1997-12-05', 52, 1071, 'Sta. Cruz Viejo', 52, 1071, 'Sta. Cruz Viejo', 52, 1071, 'Sta. Cruz Viejo', '7926844631', '', 'jason.armuhallas111', 'gmail.com', 'facebook.com', '1nfinity007', '0.00', '20000.00', 'No', 5, 'Yes', '2017-10-25 01:59:14'),
('B2-1-2017', 'Alejo', 'John Venheart', 'Torres', '1', '1992-08-16', 52, 1069, 'GDH', 52, 1066, 'San Jose, Brgy. 2', 52, 1071, 'San Jose, Brgy. 2', '', '', '', '', '', '', '0.00', '0.00', '', 0, '', '2017-05-01 02:45:39'),
('B2-2-2017', 'Alejo', 'Kristal Claire', 'Radoc', '0', '1992-08-16', 6, 1069, 'GDH', 52, 227, 'San Jose, Brgy. 2', 52, 303, 'Matuog', '9368445168', '120-1211', 'johnvenheartalejo16', 'gmail.com', 'facebook.com', 'jhearts.alejo', '0.00', '0.00', '', 0, '', '2017-10-24 08:06:02');

-- --------------------------------------------------------

--
-- Table structure for table `student_payment`
--

CREATE TABLE IF NOT EXISTS `student_payment` (
  `STUDENT_NO` varchar(15) NOT NULL,
  `OR_NUM` int(11) NOT NULL,
  `AMOUNT` decimal(15,2) NOT NULL,
  `DATE_OF_PAYMENT` date NOT NULL,
  `NATURE_OF_FEES` text NOT NULL,
  `SV_ID` int(11) NOT NULL,
  PRIMARY KEY (`OR_NUM`)
) ENGINE=InnoDB DEFAULT CHARSET=latin1;

--
-- Dumping data for table `student_payment`
--

INSERT INTO `student_payment` (`STUDENT_NO`, `OR_NUM`, `AMOUNT`, `DATE_OF_PAYMENT`, `NATURE_OF_FEES`, `SV_ID`) VALUES
('B1-36-2017', 1211111, '3000.50', '2017-10-27', 'Misc', 5),
('B1-36-2017', 1212121, '4800.15', '2017-09-30', 'Tuition\nLaboratory\nMisc', 4),
('B1-36-2017', 1212122, '5888.12', '2017-10-02', 'Tuition\nMisc', 6),
('B1-36-2017', 1212123, '2000.56', '2018-10-18', 'Laboratory', 6),
('B2-2-2017', 2222222, '4000.25', '2017-10-01', 'Tuition\nLaboratory', 4),
('B2-2-2017', 3232323, '1212.11', '2017-10-19', '21212', 6),
('B1-36-2017', 4444444, '9000.42', '2019-10-25', 'Tuition', 6);

-- --------------------------------------------------------

--
-- Table structure for table `student_record`
--

CREATE TABLE IF NOT EXISTS `student_record` (
  `SR_ID` int(11) NOT NULL AUTO_INCREMENT,
  `STUDENT_NO` varchar(15) NOT NULL,
  `CAMPUS_ID` int(11) NOT NULL,
  `COLLEGE_ID` int(11) NOT NULL,
  `COURSE_ID` int(6) NOT NULL,
  `MAJOR_ID` int(11) NOT NULL,
  `YL` int(1) NOT NULL,
  `STATUS` varchar(25) NOT NULL,
  `SCHOLAR_ID` int(11) NOT NULL,
  `SV_ID` int(6) NOT NULL,
  PRIMARY KEY (`SR_ID`)
) ENGINE=InnoDB  DEFAULT CHARSET=latin1 AUTO_INCREMENT=18 ;

--
-- Dumping data for table `student_record`
--

INSERT INTO `student_record` (`SR_ID`, `STUDENT_NO`, `CAMPUS_ID`, `COLLEGE_ID`, `COURSE_ID`, `MAJOR_ID`, `YL`, `STATUS`, `SCHOLAR_ID`, `SV_ID`) VALUES
(3, 'B1-39-2017', 1, 1, 4, 4, 1, 'New Student', 1, 1),
(4, 'B1-39-2017', 1, 1, 1, 1, 1, 'Regular Student', 14, 2),
(5, 'B2-2-2017', 1, 2, 5, 6, 1, 'New Student', 14, 2),
(6, 'B2-2-2017', 2, 4, 10, 18, 1, 'Shiftee Student', 1, 3),
(7, 'B2-2-2017', 1, 1, 2, 2, 1, 'Regular Student', 1, 4),
(8, 'B1-37-2017', 1, 1, 1, 1, 5, 'Regular Student', 12, 4),
(9, 'B1-36-2017', 2, 4, 10, 18, 1, 'New Student', 0, 4),
(10, 'B1-38-2017', 2, 5, 16, 31, 3, 'New Student', 8, 5),
(11, 'B1-36-2017', 2, 4, 10, 18, 2, 'New Student', 0, 5),
(13, 'B1-36-2017', 1, 2, 7, 11, 1, 'Irreguar Student', 0, 6),
(14, 'B1-36-2017', 1, 1, 2, 2, 2, 'New Student', 17, 7),
(15, 'B2-2-2017', 1, 1, 1, 1, 2, 'Regular Student', 14, 6),
(16, 'B1-37-2017', 1, 2, 7, 11, 2, 'New Student', 34, 6),
(17, 'B1-43-2017', 1, 1, 1, 1, 3, 'Regular Student', 0, 6);

-- --------------------------------------------------------

--
-- Table structure for table `subgrade_loading`
--

CREATE TABLE IF NOT EXISTS `subgrade_loading` (
  `SBL_ID` int(11) NOT NULL AUTO_INCREMENT,
  `STUDENT_NO` varchar(15) NOT NULL,
  `SUBJECT_ID` int(11) NOT NULL,
  `MG` varchar(4) NOT NULL,
  `FG` varchar(4) NOT NULL,
  `SV_ID` int(11) NOT NULL,
  `DATE_ENROL` datetime NOT NULL,
  PRIMARY KEY (`SBL_ID`)
) ENGINE=InnoDB  DEFAULT CHARSET=latin1 AUTO_INCREMENT=24 ;

--
-- Dumping data for table `subgrade_loading`
--

INSERT INTO `subgrade_loading` (`SBL_ID`, `STUDENT_NO`, `SUBJECT_ID`, `MG`, `FG`, `SV_ID`, `DATE_ENROL`) VALUES
(16, 'B1-36-2017', 124, '', '', 6, '2017-10-24 04:58:44'),
(17, 'B1-36-2017', 138, '', '', 6, '2017-10-24 04:58:44'),
(19, 'B1-36-2017', 26, '', '', 6, '2017-10-24 04:58:44'),
(22, 'B1-37-2017', 124, '', '', 6, '2017-10-24 05:52:27'),
(23, 'B1-37-2017', 137, '', '', 6, '2017-10-24 05:52:27');

-- --------------------------------------------------------

--
-- Table structure for table `subjects`
--

CREATE TABLE IF NOT EXISTS `subjects` (
  `SUBID` int(11) NOT NULL AUTO_INCREMENT,
  `SUBCODE` varchar(20) NOT NULL,
  `DESCRIPTION` varchar(100) NOT NULL,
  `SECTION` varchar(50) NOT NULL,
  `UNITS` varchar(2) NOT NULL,
  `SCHD_ROOM` varchar(20) NOT NULL,
  `SCHED_ID` int(11) NOT NULL,
  `LIMITS` int(3) NOT NULL,
  `CAMPUS_ID` int(1) NOT NULL,
  `COLLEGE_ID` int(1) NOT NULL,
  `SVID` int(11) NOT NULL,
  `PRQ_ID` int(11) NOT NULL,
  `CONTROL` int(1) NOT NULL DEFAULT '0',
  PRIMARY KEY (`SUBID`)
) ENGINE=InnoDB  DEFAULT CHARSET=latin1 AUTO_INCREMENT=752 ;

--
-- Dumping data for table `subjects`
--

INSERT INTO `subjects` (`SUBID`, `SUBCODE`, `DESCRIPTION`, `SECTION`, `UNITS`, `SCHD_ROOM`, `SCHED_ID`, `LIMITS`, `CAMPUS_ID`, `COLLEGE_ID`, `SVID`, `PRQ_ID`, `CONTROL`) VALUES
(1, 'AUTO 111', 'General Metal Processes', 'BSIT-AUTO 1A', '6', 'Auto Lab.', 33, 40, 1, 3, 6, 0, 0),
(2, 'ELECT 111', 'Basic Electricity, Electrical Laws, D.C. and A.C. Circuit Theory and Measurement', 'BSIT-ELECT 1A', '6', 'Elect Lab.', 20, 25, 1, 1, 6, 0, 0),
(3, 'DRAW 111', 'Drawing Fundamentals & Technical Sketching', 'BSIT-ELECT 1A/BSIT-AUTO 1A', '3', 'CIT 14', 24, 40, 1, 2, 6, 0, 0),
(4, 'ETHICS 111', 'Work Ethics, Trends and Practice of MDNAship', 'AMDNA 1A', '3', 'MDNA Lab.', 14, 25, 1, 2, 6, 0, 0),
(5, 'HEALTH 111', 'Intro to Clinic Practice, Basic Office and Clinic Practice', 'AMDNA 1A', '5', 'MDNA Lab.', 16, 25, 1, 1, 6, 0, 0),
(6, 'SCIENCE 111', 'Human Anatomy and Physiology w/ Dental Practice', 'AMDNA 1A', '5', 'MDNA Lab.', 5, 25, 1, 1, 6, 0, 0),
(7, 'AUTO 121', 'Automotive Repair and Rebuilding', 'BSIT-AUTO 2A', '6', 'Auto Lab.', 33, 25, 1, 2, 6, 0, 0),
(8, 'ELECT 121', 'D.C. Machinery and Controllers', 'BSIT-ELECT 3A', '6', 'CIT 5', 22, 25, 1, 2, 6, 0, 0),
(9, 'AMDNA Prac 121', 'Clinical Practice', 'AMDNA 2A', '5', 'TBA', 34, 25, 1, 1, 6, 0, 0),
(10, 'ENTREP 1', 'Entrepreneurship', 'BSIT-ELECT 2A/BSIT-AUTO 2A', '3', 'CIT 4', 33, 41, 1, 3, 6, 0, 0),
(11, 'BCS 111', 'Computer Fundamentals', 'AMDNA 2A', '3', 'CT Lab.', 11, 40, 1, 1, 6, 0, 0),
(12, 'PHYS 121', 'General Physics 1 (Mechanics and Heat)', 'BSIT-ELECT 2A/BSIT-AUTO 2A', '5', 'CIT 5', 6, 41, 1, 2, 6, 0, 0),
(13, 'HMgt 121', 'Basic Nutrition and Food Preparation', 'AMDNA 2A', '3', 'MDNA Lab.', 35, 25, 1, 2, 6, 0, 0),
(14, 'HEALTH 121', 'Advance Hospital Procedures and Dental Assistantship', 'AMDNA 2A', '3', 'MDNA Lab.', 31, 25, 1, 2, 6, 0, 0),
(15, 'MGT 144', 'Project Development or Feasibility Study', 'BSIT-ELECT 3A/BSIT-ELEX 3A/BSIT-AUTO 3A/BSIT-CT 3A', '3', 'CIT 4', 8, 40, 1, 3, 6, 0, 0),
(16, 'ELECT 131', 'Applied Industrial Control', 'BSIT-ELECT 3A', '6', 'Elect Lab.', 8, 30, 1, 1, 6, 0, 0),
(17, 'ELEX 131', 'Video Cassette Recorder Operation and Servicing', 'BSIT-ELEX 3A', '6', 'Elex Lab.', 37, 25, 1, 2, 6, 0, 0),
(18, 'AUTO 131', 'Automotive Service and Repair', 'BSIT-AUTO 3A', '6', 'Auto Lab.', 8, 25, 1, 3, 6, 0, 0),
(19, 'PSYCH 131', 'Industrial Psychology', 'BSIT-ELECT 3A/BSIT-ELEX 3A/BSIT-AUTO 3A/BSIT-CT 3A', '3', 'CIT 2', 23, 40, 1, 3, 6, 0, 0),
(20, 'FOOD 131', '(Ask the student what is the subject description)', 'BSIT-FT 3A', '6', 'CIT 2', 13, 25, 1, 1, 6, 0, 0),
(21, 'FISHERIES 137', 'Aquatic Ecology', 'BSF 3A', '5', 'Aqua Lab.', 26, 25, 1, 1, 6, 0, 0),
(22, 'FISHERIES 131', 'Aquaculture', 'BSF 3A', '5', 'CIT 11', 8, 25, 1, 3, 6, 0, 0),
(23, 'BIO 121', 'Microbiology', 'BSF 3A', '3', 'CIT 11', 26, 25, 1, 1, 6, 0, 0),
(24, 'FISHERIES 135', 'Fisheries Extension', 'BSF 3A', '3', 'Aqua Lab.', 18, 25, 1, 3, 6, 0, 0),
(25, 'FISHERIES 133', 'Meteorology', 'BSF 3A', '3', 'Aqua Lab.', 2, 25, 1, 2, 6, 0, 0),
(26, 'ITS 132', 'Logic Circuits and Digital Design', 'BSIT-CT 3A', '3', 'CT Lab.', 3, 25, 1, 2, 6, 0, 0),
(27, 'CT 132', 'Information Technology', 'BSIT-CT 3A', '3', 'CT Lab.', 35, 25, 1, 2, 6, 0, 0),
(28, 'IT 131', 'Data Communication', 'BSIT-CT 3A', '3', 'CT Lab.', 15, 25, 1, 3, 6, 0, 0),
(29, 'ELECTIVE 3', 'Freshwater Aquaculture', 'BSF 4A', '3', 'CIT 11', 34, 25, 1, 3, 6, 0, 0),
(30, 'FISHERIES 143', 'Research Design & Methodologies', 'BSF 4A', '3', 'CIT 11', 17, 25, 1, 1, 6, 0, 0),
(31, 'FISHERIES 141', 'Project Devt. and Management', 'BSF 4A', '3', 'CIT 11', 28, 25, 1, 2, 6, 0, 0),
(32, 'ELECTIVE 1', 'Aquaculture Engineering', 'BSF 4A', '3', 'CIT 4', 28, 25, 1, 1, 6, 0, 0),
(33, 'ELECTIVE 2', 'Brackishwater Aquaculture', 'BSF 4A', '3', 'CIT 4', 26, 25, 1, 2, 6, 0, 0),
(34, 'COMPTECH 141', 'On-the Job Training (OJT) 700 Hours (18 Weeks)', 'BSIT-CT 4A', '21', 'TBD', 38, 25, 1, 2, 6, 0, 0),
(35, 'ELEX 141', 'On-the Job Training (OJT) 700 Hours (18 Weeks)', 'BSIT-ELEX 4A', '21', 'TBD', 26, 25, 1, 2, 6, 0, 0),
(36, 'AUTO 141', 'On-the Job Training (OJT) 700 Hours (18 Weeks)', 'BSIT-AUTO 4A', '21', 'TBD', 27, 25, 1, 3, 6, 0, 0),
(37, 'ELECT 141', 'On-the Job Training (OJT) 700 Hours (18 Weeks)', 'BSIT-ELECT 4A', '21', 'TBD', 40, 25, 1, 1, 6, 0, 0),
(38, 'FOOD 141', 'On-the Job Training (OJT) 700 Hours (18 Weeks)', 'BSIT-FT 4A', '21', 'TBD', 24, 25, 1, 2, 6, 0, 0),
(39, 'DRAW 121', 'Technical Drawing and Blueprint Reading 1', 'BSIT-ELECT 2A/BSIT-AUTO 2A', '3', 'CIT 14', 10, 40, 1, 2, 6, 0, 0),
(40, 'ANS 111', 'Aptitude in the Service I', 'BSCRIM 1A', '1', 'Gym', 30, 40, 1, 1, 6, 0, 0),
(41, 'ANS 111', 'Aptitude in the Service I', 'BSCRIM 1B', '1', 'Gym', 5, 40, 1, 3, 6, 0, 0),
(42, 'CRIMSOC 111', 'Intro to Criminology and Psychology of Crimes', 'BSCRIM 1A', '3', 'Gym', 22, 40, 1, 3, 6, 0, 0),
(43, 'CRIMSOC 111', 'Intro to Criminology and Psychology of Crimes', 'BSCRIM 1B', '3', 'Gym', 34, 40, 1, 3, 6, 0, 0),
(44, 'DEFTAC 111', 'Fundamentals of Martial Arts', 'BSCRIM 1A', '2', 'Gym', 23, 40, 1, 2, 6, 0, 0),
(45, 'DEFTAC 111', 'Fundamentals of Martial Arts', 'BSCRIM 1B', '2', 'Gym', 31, 40, 1, 3, 6, 0, 0),
(46, 'CDI 123', 'Fundamentals of Criminal Investigation', 'BSCRIM 2A', '3', 'Gym', 40, 40, 1, 1, 6, 0, 0),
(47, 'ANS 121', 'Aptitude in the Service III', 'BSCRIM 2A', '1', 'Gym', 23, 40, 1, 2, 6, 0, 0),
(48, 'DEFTAC 121', '1st Aid & Water Survival', 'BSCRIM 2A', '2', 'Gym', 18, 40, 1, 3, 6, 0, 0),
(49, 'CRIM 121', 'Police Photograpy', 'BSCRIM 2A', '4', 'Gym', 23, 40, 1, 3, 6, 0, 0),
(50, 'LEA 121', 'Police Organization & Administration with Police Planning', 'BSCRIM 2A', '3', 'Gym', 20, 40, 1, 3, 6, 0, 0),
(51, 'CLJ 121', 'Criminal Law (Book 1)', 'BSCRIM 2A', '3', 'Gym', 35, 40, 1, 1, 6, 0, 0),
(52, 'LEA 131', 'Police Personnel and Record Management', 'BSCRIM 3F', '3', 'Gym', 34, 40, 1, 2, 6, 0, 0),
(53, 'LEA 131', 'Police Personnel and Record Management', 'BSCRIM 3A', '3', 'Gym', 40, 40, 1, 1, 6, 0, 0),
(54, 'LEA 131', 'Police Personnel and Record Management', 'BSCRIM 3D', '3', 'Gym', 35, 40, 1, 2, 6, 0, 0),
(55, 'LEA 131', 'Police Personnel and Record Management', 'BSCRIM 3C', '3', 'Gym', 11, 40, 1, 3, 6, 0, 0),
(56, 'LEA 131', 'Police Personnel and Record Management', 'BSCRIM 3B', '3', 'Gym', 7, 40, 1, 3, 6, 0, 0),
(57, 'LEA 131', 'Police Personnel and Record Management', 'BSCRIM 3E', '3', 'Gym', 1, 40, 1, 2, 6, 0, 0),
(58, 'CRIM 131', 'Forensic Ballistics', 'BSCRIM 3E', '4', 'Gym', 31, 40, 1, 3, 6, 0, 0),
(59, 'CRIM 131', 'Forensic Ballistics', 'BSCRIM 3B', '4', 'Gym', 7, 40, 1, 2, 6, 0, 0),
(60, 'CRIM 131', 'Forensic Ballistics', 'BSCRIM 3A', '4', 'Gym', 23, 40, 1, 2, 6, 0, 0),
(61, 'CRIM 131', 'Forensic Ballistics', 'BSCRIM 3C', '4', 'Gym', 32, 40, 1, 1, 6, 0, 0),
(62, 'CRIM 131', 'Forensic Ballistics', 'BSCRIM 3D', '4', 'Gym', 3, 40, 1, 1, 6, 0, 0),
(63, 'CRIM 131', 'Forensic Ballistics', 'BSCRIM 3F', '4', 'Gym', 37, 40, 1, 3, 6, 0, 0),
(64, 'CORR 131', 'Institutional Corrections', 'BSCRIM 3A', '3', 'Gym', 39, 40, 1, 3, 6, 0, 0),
(65, 'CORR 131', 'Institutional Corrections', 'BSCRIM 3D', '3', 'Gym', 11, 40, 1, 3, 6, 0, 0),
(66, 'CORR 131', 'Institutional Corrections', 'BSCRIM 3E', '3', 'Gym', 36, 40, 1, 1, 6, 0, 0),
(67, 'CORR 131', 'Institutional Corrections', 'BSCRIM 3C', '3', 'Gym', 15, 40, 1, 1, 6, 0, 0),
(68, 'CORR 131', 'Institutional Corrections', 'BSCRIM 3B', '3', 'Gym', 29, 40, 1, 3, 6, 0, 0),
(69, 'CORR 131', 'Institutional Corrections', 'BSCRIM 3F', '3', 'Gym', 24, 40, 1, 2, 6, 0, 0),
(70, 'CDI 133', 'Fire Technology and Arson Investigation', 'BSCRIM 3C', '3', 'Gym', 31, 40, 1, 2, 6, 0, 0),
(71, 'CDI 133', 'Fire Technology and Arson Investigation', 'BSCRIM 3A', '3', 'Gym', 29, 40, 1, 2, 6, 0, 0),
(72, 'CDI 133', 'Fire Technology and Arson Investigation', 'BSCRIM 3B', '3', 'Gym', 24, 40, 1, 1, 6, 0, 0),
(73, 'CDI 133', 'Fire Technology and Arson Investigation', 'BSCRIM 3E', '3', 'Gym', 10, 40, 1, 2, 6, 0, 0),
(74, 'CDI 133', 'Fire Technology and Arson Investigation', 'BSCRIM 3D', '3', 'Gym', 18, 40, 1, 1, 6, 0, 0),
(75, 'CDI 133', 'Fire Technology and Arson Investigation', 'BSCRIM 3F', '3', 'Gym', 35, 40, 1, 2, 6, 0, 0),
(76, 'ANS 131', 'Aptitude in the Service V', 'BSCRIM 3A', '1', 'Gym', 11, 40, 1, 1, 6, 0, 0),
(77, 'ANS 131', 'Aptitude in the Service V', 'BSCRIM 3D', '1', 'Gym', 36, 40, 1, 1, 6, 0, 0),
(78, 'ANS 131', 'Aptitude in the Service V', 'BSCRIM 3B', '1', 'Gym', 38, 40, 1, 3, 6, 0, 0),
(79, 'ANS 131', 'Aptitude in the Service V', 'BSCRIM 3E', '1', 'Gym', 29, 40, 1, 1, 6, 0, 0),
(80, 'ANS 131', 'Aptitude in the Service V', 'BSCRIM 3C', '1', 'Gym', 35, 40, 1, 3, 6, 0, 0),
(81, 'ANS 131', 'Aptitude in the Service V', 'BSCRIM 3F', '1', 'Gym', 37, 40, 1, 2, 6, 0, 0),
(82, 'CRIM 141', 'Human Biology', 'BSCRIM 4D', '3', 'Gym', 26, 40, 1, 3, 6, 0, 0),
(83, 'CRIM 141', 'Human Biology', 'BSCRIM 4E', '3', 'Gym', 36, 40, 1, 2, 6, 0, 0),
(84, 'CRIM 141', 'Human Biology', 'BSCRIM 4A', '3', 'Gym', 12, 40, 1, 2, 6, 0, 0),
(85, 'CRIM 141', 'Human Biology', 'BSCRIM 4B', '3', 'Gym', 18, 40, 1, 2, 6, 0, 0),
(86, 'CRIM 141', 'Human Biology', 'BSCRIM 4C', '3', 'Gym', 40, 40, 1, 1, 6, 0, 0),
(87, 'CLJ 141', 'Criminal Procedure', 'BSCRIM 4A', '3', 'Gym', 22, 40, 1, 3, 6, 0, 0),
(88, 'CLJ 141', 'Criminal Procedure', 'BSCRIM 4B', '3', 'Gym', 26, 40, 1, 2, 6, 0, 0),
(89, 'CLJ 141', 'Criminal Procedure', 'BSCRIM 4D', '3', 'Gym', 8, 40, 1, 1, 6, 0, 0),
(90, 'CLJ 141', 'Criminal Procedure', 'BSCRIM 4C', '3', 'Gym', 19, 40, 1, 3, 6, 0, 0),
(91, 'CLJ 141', 'Criminal Procedure', 'BSCRIM 4E', '3', 'Gym', 31, 40, 1, 3, 6, 0, 0),
(92, 'CRIMSOC 143', 'Human Behavior and Crisis Management', 'BSCRIM 4B', '3', 'CCJE RM', 40, 40, 1, 2, 6, 0, 0),
(93, 'CRIMSOC 143', 'Human Behavior and Crisis Management', 'BSCRIM 4A', '3', 'CCJE RM', 19, 40, 1, 3, 6, 0, 0),
(94, 'CRIMSOC 143', 'Human Behavior and Crisis Management', 'BSCRIM 4D', '3', 'CCJE RM', 21, 40, 1, 3, 6, 0, 0),
(95, 'CRIMSOC 143', 'Human Behavior and Crisis Management', 'BSCRIM 4C', '3', 'CCJE RM', 7, 40, 1, 2, 6, 0, 0),
(96, 'CRIMSOC 143', 'Human Behavior and Crisis Management', 'BSCRIM 4E', '3', 'CCJE RM', 7, 40, 1, 1, 6, 0, 0),
(97, 'CDI 146', 'Drug Education & Vice Control', 'BSCRIM 4C', '3', 'Gym', 9, 40, 1, 3, 6, 0, 0),
(98, 'CDI 146', 'Drug Education & Vice Control', 'BSCRIM 4A', '3', 'Gym', 21, 40, 1, 1, 6, 0, 0),
(99, 'CDI 146', 'Drug Education & Vice Control', 'BSCRIM 4B', '3', 'Gym', 26, 40, 1, 3, 6, 0, 0),
(100, 'CDI 146', 'Drug Education & Vice Control', 'BSCRIM 4D', '3', 'Gym', 23, 40, 1, 3, 6, 0, 0),
(101, 'CDI 146', 'Drug Education & Vice Control', 'BSCRIM 4E', '3', 'Gym', 9, 40, 1, 3, 6, 0, 0),
(102, 'CRIMSOC 141', 'Police Ethics & Values', 'BSCRIM 4B', '3', 'Gym', 16, 40, 1, 1, 6, 0, 0),
(103, 'CRIMSOC 141', 'Police Ethics & Values', 'BSCRIM 4D', '3', 'CCJE RM', 22, 41, 1, 1, 6, 0, 0),
(104, 'CRIMSOC 141', 'Police Ethics & Values', 'BSCRIM 4C', '3', 'CCJE RM', 26, 41, 1, 1, 6, 0, 0),
(105, 'CRIMSOC 141', 'Police Ethics & Values', 'BSCRIM 4A', '3', 'CCJE RM', 22, 40, 1, 1, 6, 0, 0),
(106, 'CRIMSOC 141', 'Police Ethics & Values', 'BSCRIM 4E', '3', 'Gym', 5, 40, 1, 2, 6, 0, 0),
(107, 'PRACT 141', 'On-the-Job Training 1', 'BSCRIM 4A', '3', 'Gym', 7, 40, 1, 3, 6, 0, 0),
(108, 'PRACT 141', 'On-the-Job Training 1', 'BSCRIM 4D', '3', 'Gym', 4, 40, 1, 3, 6, 0, 0),
(109, 'PRACT 141', 'On-the-Job Training 1', 'BSCRIM 4B', '3', 'Gym', 25, 40, 1, 2, 6, 0, 0),
(110, 'PRACT 141', 'On-the-Job Training 1', 'BSCRIM 4C', '3', 'Gym', 9, 40, 1, 1, 6, 0, 0),
(111, 'PRACT 141', 'On-the-Job Training 1', 'BSCRIM 4E', '3', 'Gym', 6, 40, 1, 1, 6, 0, 0),
(112, 'CDI 141', 'Organized Crime Investigation', 'BSCRIM 4A', '3', 'Gym', 14, 40, 1, 3, 6, 0, 0),
(113, 'CDI 141', 'Organized Crime Investigation', 'BSCRIM 4B', '3', 'Gym', 29, 40, 1, 1, 6, 0, 0),
(114, 'CDI 141', 'Organized Crime Investigation', 'BSCRIM 4D', '3', 'Gym', 25, 40, 1, 3, 6, 0, 0),
(115, 'CDI 141', 'Organized Crime Investigation', 'BSCRIM 4C', '3', 'Gym', 31, 40, 1, 3, 6, 0, 0),
(116, 'CDI 141', 'Organized Crime Investigation', 'BSCRIM 4E', '3', 'Gym', 8, 40, 1, 3, 6, 0, 0),
(117, 'CRIMSOC 146', 'Criminology Research & Statistics', 'BSCRIM 4A', '3', 'CAS 6', 15, 40, 1, 1, 6, 0, 0),
(118, 'CRIMSOC 146', 'Criminology Research & Statistics', 'BSCRIM 4B', '3', 'TBA', 25, 40, 1, 2, 6, 0, 0),
(119, 'CRIMSOC 146', 'Criminology Research & Statistics', 'BSCRIM 4C', '3', 'CAS 6', 28, 40, 1, 3, 6, 0, 0),
(120, 'CRIMSOC 146', 'Criminology Research & Statistics', 'BSCRIM 4D', '3', 'TBA', 5, 40, 1, 3, 6, 0, 0),
(121, 'CRIMSOC 146', 'Criminology Research & Statistics', 'BSCRIM 4E', '3', 'TBA', 21, 40, 1, 1, 6, 0, 0),
(122, 'CSC 111', 'Intro to Comp. Science', 'BSCS 1A', '3', 'CAS 8', 19, 40, 1, 2, 6, 0, 0),
(123, 'CSC 113', 'Programming 1', 'BSCS 1A', '3', 'CAS 7', 18, 28, 1, 2, 6, 0, 0),
(124, 'ITS 111', 'IT Fundamentals', 'BSInT 1A', '3', 'CAS 7', 3, 47, 1, 2, 6, 0, 0),
(125, 'ITS 113', 'Programming 1', 'BSInT 1A', '3', 'CAS 7', 16, 30, 1, 1, 6, 0, 0),
(126, 'ITS 111', 'IT Fundamentals', 'BSInT 1B', '3', 'CAS 8', 34, 47, 1, 1, 6, 0, 0),
(127, 'ITS 113', 'Programming 1', 'BSInT 1B', '3', 'CAS 8', 5, 27, 1, 3, 6, 0, 0),
(128, 'CSC 121', 'Programming Languages', 'BSCS 2A', '3', 'CAS 8', 40, 25, 1, 1, 6, 0, 0),
(129, 'CSC 123', 'Database Management Systems', 'BSCS 2A', '3', 'CAS 5', 15, 25, 1, 2, 6, 0, 0),
(130, 'CSC 125', 'Design & Analysis of Algorithms', 'BSCS 2A', '3', 'CAS 7', 35, 25, 1, 3, 6, 0, 0),
(131, 'ITS 121', 'Database Mgt. Systems 1', 'BSInT 2A', '3', 'CAS 5', 40, 25, 1, 3, 6, 0, 0),
(132, 'ITS 121', 'Database Mgt. Systems 1', 'BSInT 2B', '3', 'CAS 5', 10, 25, 1, 3, 6, 0, 0),
(133, 'ITS 121', 'Database Mgt. Systems 1', 'BSInT 2C', '3', 'CAS 5', 1, 25, 1, 1, 6, 0, 0),
(134, 'ITS 123', 'Comp. Organization w/ Assembly', 'BSInT 2A', '3', 'CAS 7', 26, 40, 1, 2, 6, 0, 0),
(135, 'ITS 123', 'Comp. Organization w/ Assembly', 'BSINT 2B', '3', 'CAS 8', 4, 40, 1, 3, 6, 0, 0),
(136, 'ITS 125', 'Operating System', 'BSInT 2A', '3', 'CAS 5', 31, 40, 1, 1, 6, 0, 0),
(137, 'ITS 125', 'Operating System', 'BSInT 2B', '3', 'CAS 5', 33, 40, 1, 2, 6, 0, 0),
(138, 'ITS 127', 'Elective 1', 'BSInT 2A', '3', 'CAS 8', 31, 25, 1, 2, 6, 0, 0),
(139, 'ITS 127', 'Elective 1', 'BSInT 2B', '3', 'CAS 8', 40, 25, 1, 3, 6, 0, 0),
(140, 'ITS 127', 'Elective 1', 'BSInT 2C', '3', 'CAS 8', 11, 25, 1, 2, 6, 0, 0),
(141, 'ITS 129', 'Object Oriented Programming 1', 'BSInT 2A', '3', 'CAS 5', 37, 25, 1, 2, 6, 0, 0),
(142, 'ITS 129', 'Object Oriented Programming 1', 'BSInT 2B', '3', 'CAS 5', 1, 25, 1, 3, 6, 0, 0),
(143, 'ITS 129', 'Object Oriented Programming 1', 'BSInT 2C', '3', 'CAS 5', 25, 25, 1, 2, 6, 0, 0),
(144, 'CSC 133', 'Elective 1 (Graphics & Animation)', 'BSCS 3A', '3', 'CAS 7', 38, 25, 1, 3, 6, 0, 0),
(145, 'CSC 135', 'Web Programming', 'BSCS 3A', '3', 'CAS 5', 9, 25, 1, 2, 6, 0, 0),
(146, 'CSC 137', 'Data Communication & Networking', 'BSCS 3A', '3', 'CAS 7', 29, 25, 1, 2, 6, 0, 0),
(147, 'CSC 139', 'Seminars & Field Trips', 'BSCS 3A', '1', 'CAS 6', 11, 25, 1, 1, 6, 0, 0),
(148, 'ITS 131', 'Web Development 1', 'BSInT 3A', '3', 'CAS 5', 15, 25, 1, 1, 6, 0, 0),
(149, 'ITS 131', 'Web Development 1', 'BSInT 3B', '3', 'CAS 5', 35, 25, 1, 2, 6, 0, 0),
(150, 'ITS 131', 'Web Development 1', 'BSInT 3C', '3', 'CAS 5', 26, 25, 1, 1, 6, 0, 0),
(151, 'ITS 131', 'Web Development 1', 'BSInT 3D', '3', 'CAS 5', 28, 25, 1, 2, 6, 0, 0),
(152, 'ITS 133', 'Data Comm. & Networking', 'BSInT 3A', '3', 'CAS 7', 39, 26, 1, 1, 6, 0, 0),
(153, 'ITS 133', 'Data Comm. & Networking', 'BSInT 3B', '3', 'CAS 7', 28, 27, 1, 1, 6, 0, 0),
(154, 'ITS 133', 'Data Comm. & Networking', 'BSInT 3C', '3', 'CAS 7', 5, 25, 1, 3, 6, 0, 0),
(155, 'ITS 133', 'Data Comm. & Networking', 'BSInT 3D', '3', 'CAS 7', 13, 26, 1, 3, 6, 0, 0),
(156, 'ITS 139', 'Seminars & Field Trips', 'BSInT 3A', '1', 'CAS 10', 6, 41, 1, 3, 6, 0, 0),
(157, 'ITS 139', 'Seminars & Field Trips', 'BSInT 3B', '1', 'CAS 6', 5, 40, 1, 3, 6, 0, 0),
(158, 'ITS 139', 'Seminars & Field Trips', 'BSInT 3C', '1', 'CAS 6', 21, 40, 1, 1, 6, 0, 0),
(159, 'CSC 143', 'Internship 2 (300 Hours)', 'BSCS 4A', '3', 'Office', 14, 25, 1, 2, 6, 0, 0),
(160, 'CSC 145', 'Thesis 1', 'BSCS 4A', '3', 'CAS 9', 16, 25, 1, 1, 6, 0, 0),
(161, 'BPO 2', 'Fund. Of BPO 2', 'OPEN A(BSCS 4A/BSInT 4A/BSInT 4B)', '3', 'CAS 9', 3, 40, 1, 3, 6, 0, 0),
(162, 'BPO 2', 'Fund. Of BPO 2', 'OPEN B(BSCS 4A/BSInT 4A/BSInT 4B)', '3', 'CAS 9', 10, 40, 1, 3, 6, 0, 0),
(163, 'BPO 2', 'Fund. Of BPO 2', 'OPEN C(BSCS 4A/BSInT 4A/BSInT 4B)', '3', 'CAS 9', 39, 40, 1, 2, 6, 0, 0),
(164, 'ITS 143', 'Internship 2 (300 Hours)', 'BSInT 4A', '3', 'Office', 6, 40, 1, 2, 6, 0, 0),
(165, 'ITS 143', 'Internship 2 (300 Hours)', 'BSInT 4B', '3', 'Office', 10, 40, 1, 3, 6, 0, 0),
(166, 'ITS 145', 'Capstone Project 1', 'BSInT 4A', '2', 'CAS 8', 15, 25, 1, 3, 6, 0, 0),
(167, 'ITS 145', 'Capstone Project 1', 'BSInT 4B', '2', 'CAS 8', 37, 25, 1, 2, 6, 0, 0),
(168, 'ITS 145', 'Capstone Project 1', 'BSInT 4C', '2', 'CAS 8', 11, 25, 1, 3, 6, 0, 0),
(169, 'ENG +/0', 'Remedial English/Grammar, Rhetoric and Composition', 'OPEN A (BSIT-AUTO 1/ELEC 1/MDNA 1/BSCRIM 1/ BSCS 1', '0', 'CAS 9', 27, 40, 1, 2, 6, 0, 0),
(170, 'ENG +/0', 'Remedial English/Grammar, Rhetoric and Composition', 'OPEN C (BSIT-AUTO 1/MDNA 1/BSCRIM 1/ BSCS 1/BSINT ', '0', 'CAS 9', 33, 40, 1, 3, 6, 0, 0),
(171, 'ENG +/0', 'Remedial English/Grammar, Rhetoric and Composition', 'OPEN B (BSIT-AUTO 1/ELEC 1/MDNA 1/BSCRIM 1/ BSCS 1', '0', 'CAS 9', 10, 40, 1, 3, 6, 0, 0),
(172, 'ENG 111', 'Basic English Communication 1 (Study and Thinking Skills)', 'OPEN A (BSIT-AUTO 1/ELEC 1/MDNA 1/BSCRIM 1/ BSCS 1', '3', 'CAS 4', 33, 40, 1, 3, 6, 0, 0),
(173, 'ENG 111', 'Basic English Communication 1 (Study and Thinking Skills)', 'OPEN C (BSIT-AUTO 1/MDNA 1/BSCRIM 1/ BSCS 1/BSINT ', '3', 'CAS 4', 18, 40, 1, 1, 6, 0, 0),
(174, 'ENG 111', 'Basic English Communication 1 (Study and Thinking Skills)', 'OPEN B (BSIT-AUTO 1/ELEC 1/MDNA 1/BSCRIM 1/ BSCS 1', '3', 'CAS 4', 10, 40, 1, 2, 6, 0, 0),
(176, 'ECON 111', 'Basic Economic w/ ART', 'OPEN A (BSCRIM 1)', '3', 'CAS 6', 3, 40, 1, 2, 6, 0, 0),
(178, 'MATH 111', 'College Algebra', 'OPEN C (MDNA 1/BSCRIM 1/BSCS 1/BSInT 1)', '3', 'CAS 11', 36, 40, 1, 1, 6, 0, 0),
(179, 'MATH 111', 'College Algebra', 'OPEN A (BSIT-AUTO 1/ELECT 1/BSCRIM 1/BSCS/BSInT 1)', '3', 'CIT 3', 8, 40, 1, 1, 6, 0, 0),
(180, 'MATH 111', 'College Algebra', 'OPEN B (BSIT-AUTO 1/ELECT 1/MDNA 1/BSCRIM 1/BSCS 1', '3', 'CIT 3', 25, 40, 1, 3, 6, 0, 0),
(181, 'MATH 111', 'College Algebra', 'OPEN D (BSIT-AUTO 1/ELECT 1/MDNA 1/BSCRIM 1/BSCS 1', '3', 'CAS 11', 16, 40, 1, 3, 6, 0, 0),
(182, 'MATH 111', 'College Algebra', 'OPEN E (BSIT-AUTO 1/ELECT 1/MDNA 1/BSCRIM 1/BSCS 1', '3', 'CAS 11', 36, 40, 1, 1, 6, 0, 0),
(183, 'FIL 111', 'Sining ng Pakikipagtalastasan', 'OPEN A (BSIT-AUTO 1/ELECT 1/MDNA 1/BSCRIM 1/BSCS/B', '3', 'CAS 4', 15, 41, 1, 2, 6, 0, 0),
(184, 'FIL 111', 'Sining ng Pakikipagtalastasan', 'OPEN B (BSIT-AUTO 1/ELECT 1/MDNA 1/BSCRIM 1/BSCS/B', '3', 'CAS 4', 16, 41, 1, 3, 6, 0, 0),
(185, 'FIL 111', 'Sining ng Pakikipagtalastasan', 'OPEN C (BSIT-AUTO 1/ELECT 1/MDNA 1/BSCRIM 1/BSCS/B', '3', 'CAS 4', 40, 41, 1, 3, 6, 0, 0),
(186, 'FIL 111', 'Sining ng Pakikipagtalastasan', 'OPEN D (BSIT-AUTO 1/ELECT 1/BSCRIM 1/BSCS/BSInT 1)', '3', 'CAS 4', 15, 40, 1, 1, 6, 0, 0),
(187, 'FIL 111', 'Sining ng Pakikipagtalastasan', 'OPEN E (BSIT-AUTO 1/ELECT 1/BSCS/BSInT 1)', '3', 'CAS 4', 32, 40, 1, 1, 6, 0, 0),
(188, 'PSYCH 111', 'General Psychology', 'OPEN A (BSIT-AUTO 1/ELECT 1/MDNA 1/BSCRIM 1/BSCS/B', '3', 'CAS 11', 35, 40, 1, 1, 6, 0, 0),
(189, 'PSYCH 111', 'General Psychology', 'OPEN B (BSIT-AUTO 1/ELECT 1/BSCRIM 1/BSCS/BSInT 1)', '3', 'CAS 11', 7, 40, 1, 1, 6, 0, 0),
(190, 'PSYCH 111', 'General Psychology', 'OPEN C (BSIT-AUTO 1/ELECT 1/MDNA 1/BSCRIM 1/BSCS/B', '3', 'CAS 11', 34, 40, 1, 2, 6, 0, 0),
(191, 'PSYCH 111', 'General Psychology', 'OPEN D (BSIT-AUTO 1/ELECT 1/MDNA 1/BSCRIM 1/BSCS/B', '3', 'CAS 11', 20, 41, 1, 1, 6, 0, 0),
(192, 'HIST 111', 'Philippine History Roots & Devt.', 'OPEN A (BSF 3/MDNA 2/BSCRIM 2/BSCS 1/BSInT 1)', '3', 'CAS 4', 16, 40, 1, 3, 6, 0, 0),
(193, 'HIST 111', 'Philippine History Roots & Devt.', 'OPEN B (BSF 3/MDNA 2/BSCRIM 2/BSCS 1/BSInT 1)', '3', 'CAS 4', 35, 40, 1, 2, 6, 0, 0),
(194, 'HIST 111', 'Philippine History Roots & Devt.', 'OPEN C (BSF 3/MDNA 2/BSCRIM 2/BSCS 1/BSInT 1)', '3', 'CAS 11', 17, 40, 1, 3, 6, 0, 0),
(195, 'HIST 111', 'Philippine History Roots & Devt.', 'OPEN D (BSF 3/MDNA 2/BSCRIM 2/BSCS 1/BSInT 1)', '3', 'CAS 11', 18, 40, 1, 2, 6, 0, 0),
(196, 'HIST 111', 'Philippine History Roots & Devt.', 'OPEN E (BSF 3/MDNA 2/BSCRIM 2/BSCS 1/BSInT 1)', '3', 'CAS 11', 21, 40, 1, 2, 6, 0, 0),
(197, 'HIST 111', 'Philippine History Roots & Devt.', 'OPEN F (BSF 3/MDNA 2/BSCRIM 2/BSCS 1/BSInT 1)', '3', 'CAS 11', 23, 40, 1, 3, 6, 0, 0),
(198, 'PE 111', 'Physical Education 1 (Physical Fitness & Health)', 'OPEN A (BSIT-AUTO 1/ELECT 1/MDNA 1/BSCS 1/BSInT 1)', '2', 'Gym', 20, 43, 1, 1, 6, 0, 0),
(199, 'PE 111', 'Physical Education 1 (Physical Fitness & Health)', 'OPEN B (BSIT-AUTO 1/MDNA 1/BSCS 1/BSInT 1)', '2', 'Gym', 19, 41, 1, 2, 6, 0, 0),
(200, 'PE 111', 'Physical Education 1 (Physical Fitness & Health)', 'OPEN C (BSIT-ELECT 1/MDNA 1/BSCS 1/BSInT 1)', '2', 'Gym', 19, 40, 1, 1, 6, 0, 0),
(201, 'PE 111', 'Physical Education 1 (Physical Fitness & Health)', 'OPEN D (BSIT-ELECT 1/MDNA 1/BSCS 1/BSInT 1)', '2', 'Gym', 38, 40, 1, 1, 6, 0, 0),
(202, 'NSTP 1', 'National Service Training Program I', 'OPEN (BSIT-AUTO 1/ELECT 1/MDNA 1/BSCRIM 1/BSCS 1/B', '3', 'Field', 39, 300, 1, 3, 6, 0, 0),
(203, 'ENG 121', 'Effective Speech', 'OPEN A (BSIT-AUTO 2/ELECT 2/BSCRIM 2)', '3', 'CAS 10', 22, 40, 1, 1, 6, 0, 0),
(204, 'ENG 121', 'Effective Speech', 'OPEN B (BSIT-AUTO 2/ELECT 2/MDNA 2/BSCRIM 2)', '3', 'CAS 10', 35, 40, 1, 1, 6, 0, 0),
(205, 'ENG 112', 'Basic Communication II (Writing in the Discipline)', 'OPEN A (BSIT-AUTO 2/ELECT 2/BSCRIM 2)', '3', 'CAS 9', 35, 40, 1, 2, 6, 0, 0),
(206, 'ENG 112', 'Basic Communication II (Writing in the Discipline)', 'OPEN B (BSIT-AUTO 2/ELECT 2/MDNA 2/BSCRIM 2)', '3', 'CAS 9', 9, 40, 1, 2, 6, 0, 0),
(207, 'POLSCI 122', 'Phil. Govt. w/ New Const. (Politics and Governance w/ Phil. Const.', 'OPEN A (MDNA 2/BSIT-AUTO 2/ELECT 2)', '3', 'CAS 6', 1, 40, 1, 1, 6, 0, 0),
(208, 'POLSCI 122', 'Phil. Govt. w/ New Const. (Politics and Governance w/ Phil. Const.', 'OPEN B (BSF 3/MDNA 2/BSIT-AUTO 2/ELECT 2)', '3', 'CAS 10', 8, 40, 1, 3, 6, 0, 0),
(209, 'PE 121', 'Physical Education III (Social Recreation)', 'OPEN A (BSIT-AUTO 2/ELECT 2/BSCS 2/BSInT 2)', '2', 'Gym', 5, 40, 1, 3, 6, 0, 0),
(210, 'PE 121', 'Physical Education III (Social Recreation)', 'OPEN B (BSIT-AUTO 2/ELECT 2/BSCS 2/BSInT 2)', '2', 'Gym', 7, 40, 1, 3, 6, 0, 0),
(211, 'PE 121', 'Physical Education III (Social Recreation)', 'OPEN C (BSIT-AUTO 2/ELECT 2/BSCS 2/BSInT 2/MDNA 2)', '2', 'Gym', 9, 40, 1, 1, 6, 0, 0),
(212, 'PE 121', 'Physical Education III (Social Recreation)', 'OPEN D (BSIT-AUTO 2/ELECT 2/BSCS 2/BSInT 2/MDNA 2)', '2', 'Gym', 36, 40, 1, 1, 6, 0, 0),
(213, 'PE 121', 'Physical Education III (Social Recreation)', 'OPEN E (BSIT-AUTO 2/ELECT 2/BSCS 2/MDNA 2)', '2', 'Gym', 35, 40, 1, 1, 6, 0, 0),
(214, 'BCS 111', 'Computer Literacy', 'OPEN A (BSCRIM 2)', '3', 'CAS 7', 9, 41, 1, 2, 6, 0, 0),
(215, 'MATH 126', 'Intro to Prob. & Statistics', 'BSCS 2A', '3', 'CIT 2', 14, 40, 1, 1, 6, 0, 0),
(216, 'ENG 127', 'Business Communication I', 'OPEN A (BSCS 2/BSInT 2)', '3', 'CAS 10', 18, 40, 1, 2, 6, 0, 0),
(217, 'ENG 127', 'Business Communication I', 'OPEN B (BSCS 2/BSInT 2)', '3', 'CAS 10', 2, 40, 1, 2, 6, 0, 0),
(218, 'ENG 127', 'Business Communication I', 'OPEN C (BSCS 2/BSInT 2)', '3', 'CAS 10', 11, 40, 1, 3, 6, 0, 0),
(219, 'PHYS 120', 'General Physics I', 'OPEN A (BSCS 2/BSInT 2)', '3', 'CIT 5', 4, 40, 1, 3, 6, 0, 0),
(220, 'PHYS 120', 'General Physics I', 'OPEN B (BSCS 2/BSInT 2)', '3', 'CIT 5', 11, 40, 1, 1, 6, 0, 0),
(221, 'PHYS 120', 'General Physics I', 'OPEN C (BSCS 2/BSInT 2)', '3', 'CIT 5', 14, 40, 1, 2, 6, 0, 0),
(222, 'HUM 141', 'Intro to Humanities', 'OPEN A (BSCS 2/BSInT 2)', '3', 'TBA', 25, 40, 1, 3, 6, 0, 0),
(223, 'HUM 141', 'Intro to Humanities', 'OPEN B (BSCS 2/BSInT 2)', '3', 'TBA', 23, 40, 1, 1, 6, 0, 0),
(224, 'HUM 141', 'Intro to Humanities', 'OPEN C (BSCS 2/BSInT 2)', '3', 'TBA', 1, 40, 1, 3, 6, 0, 0),
(225, 'SOCIO 111', 'Society, Culture & Family Planning', 'OPEN A (BSCS 2/BSCRIM 3/BSIT-AUTO 3/ELECT 3/CT 3/E', '3', 'CAS 11', 20, 40, 1, 1, 6, 0, 0),
(226, 'SOCIO 111', 'Society, Culture & Family Planning', 'OPEN B (BSCS 2/BSCRIM 3/BSIT-AUTO 3/ELECT 3/CT 3/E', '3', 'CAS 11', 38, 40, 1, 1, 6, 0, 0),
(227, 'SOCIO 111', 'Society, Culture & Family Planning', 'OPEN C (BSCS 2/BSCRIM 3/BSIT-AUTO 3/ELECT 3/CT 3/E', '3', 'CAS 11', 3, 40, 1, 2, 6, 0, 0),
(228, 'SOCIO 111', 'Society, Culture & Family Planning', 'OPEN D (BSCS 2/BSCRIM 3/BSIT-AUTO 3/ELECT 3/CT 3/E', '3', 'CAS 6', 8, 40, 1, 2, 6, 0, 0),
(229, 'SOCIO 111', 'Society, Culture & Family Planning', 'OPEN E (BSCS 2/BSCRIM 3/BSIT-AUTO 3/ELECT 3/CT 3/E', '3', 'CAS 11', 2, 40, 1, 2, 6, 0, 0),
(230, 'SOCIO 111', 'Society, Culture & Family Planning', 'OPEN F (BSCS 2/BSCRIM 3/BSIT-AUTO 3/ELECT 3/CT 3/E', '3', 'CAS 6', 15, 40, 1, 1, 6, 0, 0),
(231, 'SOCIO 111', 'Society, Culture & Family Planning', 'OPEN G (BSCS 2/BSCRIM 3/BSIT-AUTO 3/ELECT 3/CT 3/E', '3', 'CAS 6', 37, 40, 1, 1, 6, 0, 0),
(232, 'SOCIO 111', 'Society, Culture & Family Planning', 'OPEN H (BSCS 2/BSCRIM 3/BSIT-AUTO 3/ELECT 3/CT 3/E', '3', 'CAS 6', 26, 40, 1, 2, 6, 0, 0),
(233, 'SOCIO 111', 'Society, Culture & Family Planning', 'OPEN I (BSCS 2/BSCRIM 3/BSIT-AUTO 3/ELECT 3/CT 3/E', '3', 'CAS 6', 5, 40, 1, 1, 6, 0, 0),
(234, 'CHEM 111', 'General Chemistry', 'OPEN A (BSCRIM 3)', '5', 'CAS 9', 24, 40, 1, 2, 6, 0, 0),
(235, 'CHEM 111', 'General Chemistry', 'OPEN B (BSCRIM 3)', '5', 'CAS 9', 5, 40, 1, 1, 6, 0, 0),
(236, 'CHEM 111', 'General Chemistry', 'OPEN C (BSCRIM 3)', '5', 'CAS 9', 36, 40, 1, 2, 6, 0, 0),
(237, 'CHEM 111', 'General Chemistry', 'OPEN D (BSCRIM 3)', '5', 'CAS 9', 12, 40, 1, 1, 6, 0, 0),
(238, 'CHEM 111', 'General Chemistry', 'OPEN E (BSCRIM 3)', '5', 'CAS 9', 3, 40, 1, 3, 6, 0, 0),
(239, 'CHEM 111', 'General Chemistry', 'OPEN F (BSCRIM 3)', '5', 'CAS 6', 19, 40, 1, 1, 6, 0, 0),
(240, 'LIT 114', 'Philippine Literature', 'OPEN A (BSInT 3/BSCRIM 3/BSIT-AUTO 3/ELECT 3/ELEX ', '3', 'CAS 9', 3, 40, 1, 3, 6, 0, 0),
(241, 'LIT 114', 'Philippine Literature', 'OPEN B (BSInT 3/BSCRIM 3/BSIT-AUTO 3/ELECT 3/ELEX ', '3', 'CAS 10', 5, 40, 1, 1, 6, 0, 0),
(242, 'LIT 114', 'Philippine Literature', 'OPEN C (BSInT 3/BSCRIM 3/BSIT-AUTO 3/ELECT 3/ELEX ', '3', 'CAS 6', 13, 40, 1, 1, 6, 0, 0),
(243, 'LIT 114', 'Philippine Literature', 'OPEN D (BSInT 3/BSCRIM 3/BSIT-AUTO 3/ELECT 3/ELEX ', '3', 'CAS 10', 22, 40, 1, 1, 6, 0, 0),
(244, 'LIT 114', 'Philippine Literature', 'OPEN E (BSInT 3/BSCRIM 3/BSIT-AUTO 3/ELECT 3/ELEX ', '3', 'CAS 10', 17, 40, 1, 1, 6, 0, 0),
(245, 'LIT 114', 'Philippine Literature', 'OPEN F (BSInT 3/BSCRIM 3/BSIT-AUTO 3/ELECT 3/ELEX ', '3', 'CAS 11', 25, 40, 1, 1, 6, 0, 0),
(246, 'LIT 114', 'Philippine Literature', 'OPEN G (BSInT 3/BSCRIM 3/BSIT-AUTO 3/ELECT 3/ELEX ', '3', 'CAS 4', 3, 40, 1, 3, 6, 0, 0),
(247, 'LIT 114', 'Philippine Literature', 'OPEN H (BSInT 3/BSCRIM 3/BSIT-AUTO 3/ELECT 3/ELEX ', '3', 'CAS 4', 30, 40, 1, 2, 6, 0, 0),
(248, 'LIT 114', 'Philippine Literature', 'OPEN I (BSInT 3/BSCRIM 3/BSIT-AUTO 3/ELECT 3/ELEX ', '3', 'CAS 4', 22, 40, 1, 1, 6, 0, 0),
(249, 'LIT 114', 'Philippine Literature', 'OPEN J (BSInT 3/BSCRIM 3/BSIT-AUTO 3/ELECT 3/ELEX ', '3', 'CAS 10', 36, 40, 1, 2, 6, 0, 0),
(250, 'LIT 114', 'Philippine Literature', 'OPEN K (BSInT 3/BSCRIM 3/BSIT-AUTO 3/ELECT 3/ELEX ', '3', 'CAS 9', 7, 40, 1, 1, 6, 0, 0),
(252, 'HIST 141', 'Rizals Life, Works and Writing', 'OPEN A (BSIT-AUTO 3/ELECT 3/ELEX 3/FT 3/ CT 3)', '3', 'CAS 6', 16, 40, 1, 2, 6, 0, 0),
(253, 'HIST 141', 'Rizals Life, Works and Writing', 'OPEN B (BSIT-AUTO 3/ELECT 3/ELEX 3/FT 3/ CT 3)', '3', 'CAS 6', 6, 40, 1, 2, 6, 0, 0),
(254, 'PHILO 122', 'Logic & Work Ethics with Values Education', 'OPEN A (BSIT-AUTO 3/ELECT 3/ELEX 3/FT 3/ CT 3)', '3', 'CAS 6', 25, 47, 1, 3, 6, 0, 0),
(255, 'PHILO 122', 'Logic & Work Ethics with Values Education', 'OPEN B (BSIT-AUTO 3/ELECT 3/ELEX 3/FT 3/ CT 3)', '3', 'CAS 10', 34, 40, 1, 2, 6, 0, 0),
(256, 'LIT 115', 'World Literature', 'OPEN A (BSCS 3)', '3', 'CAS 6', 5, 40, 1, 2, 6, 0, 0),
(257, 'MATH 135', 'Mathematical Analysis I', 'OPEN A (BSCS 3/BSInT 3)', '5', 'CAS 4', 33, 40, 1, 3, 6, 0, 0),
(258, 'MATH 135', 'Mathematical Analysis I', 'OPEN B (BSCS 3/BSInT 3)', '5', 'MWF/CAS 6;TTh/CAS 4', 32, 40, 1, 1, 6, 0, 0),
(259, 'MATH 135', 'Mathematical Analysis I', 'OPEN C (BSCS 3/BSInT 3)', '5', 'CAS 4', 22, 40, 1, 3, 6, 0, 0),
(260, 'MATH 135', 'Mathematical Analysis I', 'OPEN D (BSCS 3/BSInT 3)', '5', 'MWF/CAS 6;TTh/CAS 4', 38, 40, 1, 1, 6, 0, 0),
(261, 'ENG 128', 'Business Communication II', 'OPEN A (BSCS 3/BSInT 3)', '3', 'CAS 10', 16, 40, 1, 1, 6, 0, 0),
(262, 'ENG 128', 'Business Communication II', 'OPEN B (BSCS 3/BSInT 3)', '3', 'CAS 10', 33, 40, 1, 3, 6, 0, 0),
(263, 'ENG 128', 'Business Communication II', 'OPEN C (BSCS 3/BSInT 3)', '3', 'CAS 10', 19, 40, 1, 1, 6, 0, 0),
(264, 'ENG 128', 'Business Communication II', 'OPEN D (BSCS 3/BSInT 3)', '3', 'CAS 10', 11, 40, 1, 1, 6, 0, 0),
(265, 'SERV 100', 'Service Culture', 'OPEN A (BSCS 3/BSInT 3)', '3', 'CAS 4', 34, 41, 1, 3, 6, 0, 0),
(266, 'SERV 100', 'Service Culture', 'OPEN B (BSCS 3/BSInT 3)', '3', 'CAS 4', 38, 40, 1, 2, 6, 0, 0),
(267, 'SERV 100', 'Service Culture', 'OPEN C (BSCS 3/BSInT 3)', '3', 'CAS 10', 34, 40, 1, 1, 6, 0, 0),
(268, 'SERV 100', 'Service Culture', 'OPEN D (BSCS 3/BSInT 3)', '3', 'CAS 10', 30, 40, 1, 1, 6, 0, 0),
(269, 'SYS 100', 'Principles of Systems Thinking', 'OPEN A (BSCS 3/BSInT 3)', '3', 'CAS 5', 8, 40, 1, 2, 6, 0, 0),
(270, 'SYS 100', 'Principles of Systems Thinking', 'OPEN B (BSCS 3/BSInT 3)', '3', 'CAS 7', 6, 40, 1, 2, 6, 0, 0),
(271, 'SYS 100', 'Principles of Systems Thinking', 'OPEN C (BSCS 3/BSInT 3)', '3', 'CAS 5', 29, 40, 1, 3, 6, 0, 0),
(272, 'SYS 100', 'Principles of Systems Thinking', 'OPEN D (BSCS 3/BSInT 3)', '3', 'CAS 8', 40, 40, 1, 1, 6, 0, 0),
(273, 'PE 111', 'Physical Fitness and Health', 'ASS 1', '2', 'Field', 38, 50, 1, 2, 6, 0, 0),
(274, 'STENO 111', 'Fundamentals of Shorthand', 'ASS 1', '5', 'Lab', 23, 50, 1, 1, 6, 0, 0),
(275, 'MATH 111', 'College Algebra', 'ASS 1', '3', '', 35, 50, 1, 1, 6, 0, 0),
(276, 'SOCIO 111', 'Society, Culture and Family Planning', 'ASS 1', '3', '', 14, 50, 1, 2, 6, 0, 0),
(277, 'ENG +', 'Remedial English', 'ASS 1', '0', '', 11, 15, 1, 1, 6, 0, 0),
(278, 'ENG 111', 'Study and Thinking Skills', 'ASS 1', '3', '', 25, 15, 1, 1, 6, 0, 0),
(280, 'FIL 111', 'Sining ng Pakikipagtalastasan', 'ASS 1', '3', '', 20, 50, 1, 3, 6, 0, 0),
(281, 'TYPING 111', 'Fundamentals of Typewriting', 'ASS 1', '5', 'TR', 24, 50, 1, 1, 6, 0, 0),
(282, 'NSTP 1', 'National Service Training Program 1', 'ASS 1', '3', 'Field', 4, 50, 1, 1, 6, 0, 0),
(283, 'FIN 141', 'Money, Credit & Banking', 'BSOSM III', '3', '103', 14, 40, 1, 3, 6, 0, 0),
(284, 'BIO 111', 'General Biology', 'BSOSM III', '3', '', 17, 40, 1, 2, 6, 0, 0),
(285, 'LIT 114', 'Phil Literature', 'BSOSM III', '3', '', 11, 25, 1, 3, 6, 0, 0),
(286, 'STENO 131', 'Filipino Steno', 'BSOSM III', '3', 'Lab', 3, 25, 1, 2, 6, 0, 0),
(287, 'ECON 111', 'Fundamentals of Cooperatives', 'BSOSM III', '3', '', 7, 25, 1, 2, 6, 0, 0),
(288, 'MKTG 141', 'Prin of Marketing & Application', 'BSOSM III', '3', '', 18, 50, 1, 1, 6, 0, 0),
(289, 'BCS 114', 'Database Mgt', 'BSOSM III', '3', 'Comp R', 13, 25, 1, 1, 6, 0, 0),
(290, 'OS 131', 'Office Procedures & Records Mgt', 'BSOSM III', '3', '', 28, 25, 1, 2, 6, 0, 0),
(291, 'PHILO 121', 'Intro to Logic', 'BSOSM IV', '3', '107', 24, 25, 1, 2, 6, 0, 0),
(292, 'HIST 111', 'Phil History: Roots & Dev', 'BSOSM IV', '3', '', 32, 45, 1, 2, 6, 0, 0),
(293, 'BL 141', 'Obligation & Contract', 'BSOSM IV', '3', '105', 31, 40, 1, 3, 6, 0, 0),
(294, 'OS 145', 'Office Simulation', 'BSOSM IV', '3', '101', 38, 25, 1, 1, 6, 0, 0),
(295, 'POL SCI 122', 'Phil Gov & Constitution', 'BSOSM IV', '3', '107', 3, 25, 1, 3, 6, 0, 0),
(296, 'MGT 141', 'Mgt & Decision Making Tools', 'BSOSM IV', '6', '', 20, 25, 1, 1, 6, 0, 0),
(297, 'OS 143', 'Legal Dictation & Trans with Practicum', 'BSOSM IV', '6', 'Lab', 18, 25, 1, 2, 6, 0, 0),
(298, 'FIL 111', 'Sining ng Pakikipagtalastasan', 'BSBA I', '3', '', 10, 50, 1, 1, 6, 0, 0),
(299, 'MATH 111', 'College Algebra', 'BSBA I', '3', '', 35, 50, 1, 1, 6, 0, 0),
(300, 'SOCIO 111', 'Society, Culture and Family Planning', 'BSBA I', '3', '', 37, 50, 1, 2, 6, 0, 0),
(301, 'MGT 124', 'Principles of Management', 'BSBA I', '3', '', 38, 50, 1, 1, 6, 0, 0),
(302, 'PE 111', 'Physical Fitness and Health', 'BSBA I', '2', 'Field', 39, 50, 1, 2, 6, 0, 0),
(303, 'ENG +', 'Remedial English', 'BSBA I', '0', '', 36, 45, 1, 1, 6, 0, 0),
(304, 'ENG 111', 'Study and Thinking Skills', 'BSBA I', '3', '', 35, 25, 1, 2, 6, 0, 0),
(305, 'TYPING 111', 'Fundamentals of Typewriting', 'BSBA I', '3', 'TR', 35, 50, 1, 2, 6, 0, 0),
(306, 'PHYSCI 100', 'Earth & Environmental Science', 'BSBA I', '3', '', 19, 50, 1, 2, 6, 0, 0),
(307, 'NSTP 1', 'National Service Training Program 1', 'BSBA I', '3', 'Field', 21, 150, 1, 1, 6, 0, 0),
(308, 'ENG 112', 'Writing in the Discipline', 'BSBA II(A)', '3', '', 36, 40, 1, 1, 6, 0, 0),
(309, 'ECON 132', 'Micro Economics', 'BSBA II(A)', '3', '103', 2, 45, 1, 1, 6, 0, 0),
(310, 'PSYCH 111', 'General Pyschology', 'BSBA II(A)', '3', '', 20, 40, 1, 3, 6, 0, 0),
(311, 'HUM 141', 'Intro to Humanities', 'BSBA II(A)', '3', '107', 10, 51, 1, 3, 6, 0, 0),
(312, 'ACCTG 121', 'Sole Proprietorship Acctg', 'BSBA II(A)', '3', '', 9, 45, 1, 3, 6, 0, 0),
(313, 'ENG 127', 'Bussiness Correspondence', 'BSBA II(A)', '3', '103', 12, 30, 1, 3, 6, 0, 0),
(314, 'PE 121', 'Social Recreation', 'BSBA II(A)', '2', 'Field', 20, 40, 1, 3, 6, 0, 0),
(315, 'FIN 141', 'Money, Credit & Banking', 'BSBA II(A)', '3', '103', 3, 40, 1, 3, 6, 0, 0),
(316, 'MGT 125', 'Human Behavior in Organization', 'BSBA II(A)', '3', '105', 24, 40, 1, 3, 6, 0, 0),
(317, 'ENG 121', 'Effective Speech', 'BSBA II(A)', '3', '', 7, 30, 1, 2, 6, 0, 0),
(318, 'BCS 112', 'Application Software', 'BSBA II(A)', '3', 'Comp R', 10, 40, 1, 1, 6, 0, 0),
(319, 'ENG 112', 'Writing in the Discipline', 'BSBA II(B)', '3', '', 8, 40, 1, 2, 6, 0, 0),
(320, 'MGT 125', 'Human Behavior in Organization', 'BSBA II(B)', '3', '105', 8, 40, 1, 3, 6, 0, 0),
(321, 'PSYCH 111', 'General Pyschology', 'BSBA II(B)', '3', '', 13, 40, 1, 3, 6, 0, 0),
(322, 'ECON 132', 'Micro Economics', 'BSBA II(B)', '3', '103', 24, 40, 1, 2, 6, 0, 0),
(323, 'ACCTG 121', 'Sole Proprietorship Acctg', 'BSBA II(B)', '3', '', 22, 45, 1, 1, 6, 0, 0),
(324, 'HUM 141', 'Intro to Humanities', 'BSBA II(B)', '3', '', 3, 50, 1, 1, 6, 0, 0),
(325, 'ENG 127', 'Bussiness Correspondence', 'BSBA II(B)', '3', '', 1, 30, 1, 2, 6, 0, 0),
(326, 'FIN 141', 'Money, Credit & Banking', 'BSBA II(B)', '3', '103', 18, 40, 1, 2, 6, 0, 0),
(327, 'ENG 121', 'Effective Speech', 'BSBA II(B)', '3', '', 26, 40, 1, 2, 6, 0, 0),
(328, 'PE 121', 'Social Recreation', 'BSBA II(B)', '2', 'Field', 22, 40, 1, 1, 6, 0, 0),
(329, 'BCS 112', 'Application Software', 'BSBA II(B)', '3', 'Comp R', 35, 45, 1, 1, 6, 0, 0),
(330, 'ENG 112', 'Writing in the Discipline', 'BSBA II(C)', '3', '', 4, 30, 1, 1, 6, 0, 0),
(331, 'ECON 132', 'Micro Economics', 'BSBA II(C)', '3', '103', 27, 45, 1, 2, 6, 0, 0),
(332, 'PSYCH 111', 'General Pyschology', 'BSBA II(C)', '3', '', 15, 40, 1, 2, 6, 0, 0),
(333, 'HUM 141', 'Intro to Humanities', 'BSBA II(C)', '3', '107', 20, 50, 1, 2, 6, 0, 0),
(334, 'FIN 141', 'Money, Credit & Banking', 'BSBA II(C)', '3', '103', 28, 40, 1, 2, 6, 0, 0),
(335, 'MGT 125', 'Human Behavior in Organization', 'BSBA II(C)', '3', '105', 11, 40, 1, 2, 6, 0, 0),
(336, 'BCS 112', 'Application Software', 'BSBA II(C)', '3', 'Comp R', 7, 40, 1, 3, 6, 0, 0),
(337, 'ENG 127', 'Bussiness Correspondence', 'BSBA II(C)', '3', '103', 3, 30, 1, 2, 6, 0, 0),
(338, 'PE 121', 'Social Recreation', 'BSBA II(C)', '2', 'Field', 13, 25, 1, 3, 6, 0, 0),
(339, 'ENG 121', 'Effective Speech', 'BSBA II(C)', '3', '', 38, 25, 1, 3, 6, 0, 0),
(340, 'ACCTG 121', 'Sole Proprietorship Acctg', 'BSBA II(C)', '3', '', 40, 45, 1, 2, 6, 0, 0),
(341, 'SERV 100', 'Service Culture', 'BSBA III(HRDM)', '3', '107', 27, 35, 1, 2, 6, 0, 0),
(342, 'BL 141', 'Obligation & Contract', 'BSBA III(HRDM)', '3', '105', 32, 40, 1, 1, 6, 0, 0),
(343, 'HRDM 131', 'Recruitment & Selection', 'BSBA III(HRDM)', '3', '105', 9, 35, 1, 2, 6, 0, 0),
(344, 'ENG 128', 'Bussiness Correspondence 2', 'BSBA III(HRDM)', '3', '203', 11, 35, 1, 3, 6, 0, 0),
(345, 'HRDM 133', 'Strat Human Resource Mgt', 'BSBA III(HRDM)', '3', '103', 38, 35, 1, 1, 6, 0, 0),
(346, 'TAX 111', 'Income Taxation', 'BSBA III(HRDM)', '3', '105', 19, 35, 1, 1, 6, 0, 0),
(347, 'HRDM 132', 'Training & Selection', 'BSBA III(HRDM)', '3', '106', 20, 35, 1, 1, 6, 0, 0),
(348, 'HRDM 130', 'Administration Office Mgt', 'BSBA III(HRDM)', '3', '101', 40, 35, 1, 1, 6, 0, 0),
(349, 'LIT 114', 'Phil Literature', 'BSBA III(HRDM)', '3', '103', 4, 35, 1, 1, 6, 0, 0),
(350, 'BL 141', 'Obligation & Contract', 'BSBA III(FM)', '3', '105', 40, 50, 1, 2, 6, 0, 0),
(351, 'FIN 130', 'Banking & Financial Institution', 'BSBA III(FM)', '3', '', 13, 40, 1, 2, 6, 0, 0),
(352, 'FM 140', 'Global Finance with E-Banking', 'BSBA III(FM)', '3', '', 27, 40, 1, 2, 6, 0, 0),
(353, 'FM 131', 'Credit and Collection', 'BSBA III(FM)', '3', '105', 18, 40, 1, 1, 6, 0, 0),
(354, 'ENG 128', 'Bussiness Correspondence 2', 'BSBA III(FM)', '3', '203', 7, 40, 1, 1, 6, 0, 0),
(355, 'SERV 100', 'Service Culture', 'BSBA III(FM)', '3', '107', 7, 40, 2, 5, 6, 0, 0),
(356, 'TAX 111', 'Income Taxation', 'BSBA III(FM)', '3', '105', 28, 50, 2, 4, 6, 0, 0),
(357, 'MKTG 131', 'Marketing Research', 'BSBA III(MKTG)', '3', 'ELX', 33, 50, 2, 4, 6, 0, 0),
(358, 'SERV 100', 'Service Culture', 'BSBA III(MKTG)', '3', '107', 1, 50, 2, 5, 6, 0, 0),
(359, 'BL 141', 'Obligation & Contract', 'BSBA III(MKTG)', '3', '105', 22, 50, 2, 5, 6, 0, 0),
(360, 'MKTG 130', 'Professional Salesmanship', 'BSBA III(MKTG)', '3', '', 6, 50, 2, 5, 6, 0, 0),
(361, 'MKTG 138', 'Consumer Behavior', 'BSBA III(MKTG)', '3', '106', 9, 50, 2, 5, 6, 0, 0),
(362, 'MKTG 140', 'International Marketing', 'BSBA III(MKTG)', '3', '', 40, 50, 2, 5, 6, 0, 0),
(363, 'LIT 114', 'Phil Literature', 'BSBA III(MKTG)', '3', '103', 4, 50, 2, 5, 6, 0, 0),
(364, 'ENG 128', 'Business Correspondence 2', 'BSBA III(MKTG)', '3', '203', 23, 50, 2, 4, 6, 0, 0),
(365, 'TAX 111', 'Income Taxation', 'BSBA III(MKTG)', '3', '', 31, 50, 2, 5, 6, 0, 0),
(366, 'BPO 2', 'Fund of Busi Process Outsourcing 2', 'BSBA IV(HRDM)', '3', '105', 7, 40, 2, 5, 6, 0, 0),
(367, 'HIST 141', 'Rizals life, Works & Writing', 'BSBA IV(HRDM)', '3', '107', 19, 40, 2, 5, 6, 0, 0),
(368, 'HRDM 140', 'Entrep Mgt', 'BSBA IV(HRDM)', '3', '', 23, 40, 2, 4, 6, 0, 0),
(369, 'MGT 147', 'Feasibility Study', 'BSBA IV(HRDM)', '3', '', 17, 40, 2, 5, 6, 0, 0),
(370, 'HRDM 147', 'Global/International Trade', 'BSBA IV(HRDM)', '3', '106', 23, 40, 2, 4, 6, 0, 0),
(371, 'HRDM 141', 'Environmental Mgt', 'BSBA IV(HRDM)', '3', '', 11, 40, 2, 5, 6, 0, 0),
(372, 'HRDM 138', 'Special Topic in Human Resources Mgt', 'BSBA IV(HRDM)', '3', '', 5, 40, 2, 4, 6, 0, 0),
(373, 'FIN 137', 'Financial Analysis & Reporting', 'BSBA IV(FM-A)', '3', '106', 9, 30, 2, 5, 6, 0, 0),
(374, 'FIN 136', 'Capital Markets Mgt', 'BSBA IV(FM-A)', '3', '', 1, 30, 2, 5, 6, 0, 0),
(375, 'MGT 147', 'Feasibility Study', 'BSBA IV(FM-A)', '3', '', 15, 40, 2, 4, 6, 0, 0),
(376, 'FM 150', 'Franchising', 'BSBA IV(FM-A)', '3', '', 21, 30, 2, 5, 6, 0, 0),
(377, 'FIN 145', 'Cooperative Mgt', 'BSBA IV(FM-A)', '3', '', 26, 30, 2, 4, 6, 0, 0),
(378, 'HIST 141', 'Rizals Works & Writings', 'BSBA IV(FM-A)', '3', '107', 6, 30, 2, 4, 6, 0, 0),
(379, 'BPO 2', 'Fund of Busi Process Outsourcing 2', 'BSBA IV(FM-A)', '3', '105', 31, 35, 2, 4, 6, 0, 0),
(380, 'FIN 142', 'Risk Management', 'BSBA IV(FM-A)', '3', '', 19, 30, 2, 5, 6, 0, 0),
(381, 'BPO 2', 'Fund of Busi Process Outsourcing 2', 'BSBA IV(FM-B)', '3', '105', 32, 35, 2, 4, 6, 0, 0),
(382, 'HIST 141', 'Rizals Works, Life & Writings', 'BSBA IV(FM-B)', '3', '107', 7, 25, 2, 4, 6, 0, 0),
(383, 'FIN 142', 'Risk Management', 'BSBA IV(FM-B)', '3', '', 16, 25, 2, 4, 6, 0, 0),
(384, 'FIN 136', 'Capital Markets Mgt', 'BSBA IV(FM-B)', '3', '', 2, 25, 2, 4, 6, 0, 0),
(385, 'FIN 137', 'Financial Analysis & Reporting', 'BSBA IV(FM-B)', '3', 'ELX', 25, 25, 2, 4, 6, 0, 0),
(386, 'FIN 145', 'Cooperative Mgt', 'BSBA IV(FM-B)', '3', '', 40, 25, 2, 5, 6, 0, 0),
(387, 'MGT 147', 'Feasibility Study', 'BSBA IV(FM-B)', '3', '', 15, 40, 2, 5, 6, 0, 0),
(388, 'FIN 150', 'Franchising', 'BSBA IV(FM-B)', '3', '', 28, 25, 2, 4, 6, 0, 0),
(389, 'MKTG 142', 'Sales Mgt', 'BSBA IV(MKTG)', '3', '', 16, 35, 2, 4, 6, 0, 0),
(390, 'MKTG 134', 'Advertising', 'BSBA IV(MKTG)', '3', '', 39, 35, 2, 4, 6, 0, 0),
(391, 'MKTG 137', 'Strat Marketing Mgt', 'BSBA IV(MKTG)', '3', 'ELX', 40, 35, 2, 5, 6, 0, 0),
(392, 'MKTG 135', 'Production Mgt', 'BSBA IV(MKTG)', '3', '101', 3, 35, 2, 5, 6, 0, 0),
(393, 'HIST 141', 'Rizals Works, life, & Writings', 'BSBA IV(MKTG)', '3', '107', 36, 35, 2, 4, 6, 0, 0),
(394, 'BPO 2', 'Fund of Busi Process Outsourcing 2', 'BSBA IV(MKTG)', '3', '105', 20, 35, 2, 5, 6, 0, 0),
(395, 'MKTG 136', 'Retail Management', 'BSBA IV(MKTG)', '3', '', 6, 35, 2, 5, 6, 0, 0),
(396, 'MGT 147', 'Feasibility Study', 'BSBA IV(MKTG)', '3', '', 24, 40, 2, 4, 6, 0, 0),
(397, 'PE 111', 'Physical Fitness & Health', 'BSHM I', '2', 'Field', 9, 35, 2, 5, 6, 0, 0),
(398, 'BCS 111', 'Basic Computer', 'BSHM I', '3', 'Comp R', 3, 35, 2, 5, 6, 0, 0),
(399, 'HM 101', 'Principles of Tourism 1', 'BSHM I', '3', '106', 6, 50, 2, 5, 6, 0, 0),
(400, 'MATH 113', 'Business Math', 'BSHM I', '3', '', 26, 55, 2, 5, 6, 0, 0),
(401, 'HM 100', 'Prin of Safety, Hygiene & Sanitaion', 'BSHM I', '3', 'Campus 1', 8, 50, 2, 5, 6, 0, 0),
(402, 'ENG +', 'Remedial English', 'BSHM I', '0', '', 16, 15, 2, 4, 6, 0, 0),
(403, 'ENG 111', 'Study & Thinking Skills', 'BSHM I', '3', '', 7, 15, 2, 4, 6, 0, 0),
(404, 'EN SCI 100', 'Environmental Science', 'BSHM I', '3', '', 22, 35, 2, 4, 6, 0, 0),
(405, 'FIL 111', 'KOMUNIKASYON SA AKADEMIKONG FILIPINO', 'BSHM I', '3', '', 6, 35, 2, 5, 6, 0, 0),
(406, 'NSTP 1', 'National Service Training Program 1', 'BSHM I', '3', 'Field', 35, 35, 2, 4, 6, 0, 0),
(407, 'HRM 201', 'Bakery Science', 'BSHM II(A)', '6', 'Campus 1', 32, 25, 2, 4, 6, 0, 0),
(408, 'HRM 203', 'Housekeeping Procedures', 'BSHM II(A)', '3', 'Campus 1', 32, 25, 2, 5, 6, 0, 0),
(409, 'HRM 200', 'Front Office Procedures', 'BSHM II(A)', '3', 'Campus 1', 28, 25, 2, 4, 6, 0, 0),
(410, 'PE 121', 'Physical Education 3', 'BSHM II(A)', '2', 'Field', 23, 30, 2, 5, 6, 0, 0),
(411, 'BUS MATH 126', 'Busi Statistics', 'BSHM II(A)', '3', '', 19, 45, 2, 5, 6, 0, 0),
(412, 'LIT 114', 'Phil Literature', 'BSHM II(A)', '3', '103', 32, 25, 2, 4, 6, 0, 0),
(413, 'ENG 121', 'Effective Speech', 'BSHM II(A)', '3', '', 26, 25, 2, 4, 6, 0, 0),
(414, 'HRM 202', 'Banquet, Functions & Catering Services', 'BSHM II(A)', '6', 'TLE', 34, 30, 2, 5, 6, 0, 0),
(415, 'HRM 201', 'Bakery Science', 'BSHM II(B)', '9', 'Campus 1', 13, 25, 2, 5, 6, 0, 0),
(416, 'LIT 114', 'Phil Literature', 'BSBA II(B)', '3', '', 19, 25, 2, 5, 6, 0, 0),
(417, 'ENG 121', 'Effective Speech', 'BSBA II(B)', '3', '', 37, 25, 2, 4, 6, 0, 0),
(418, 'HRM 202', 'Banquet, Functions & Catering Services', 'BSHM II(B)', '6', 'Campus 1', 5, 25, 2, 4, 6, 0, 0),
(419, 'HRM 200', 'Front Office Procedures', 'BSBA II(B)', '3', 'Campus 1', 11, 25, 2, 4, 6, 0, 0),
(420, 'HRM 203', 'Housekeeping Procedures', 'BSHM II(B)', '3', 'Campus 1', 39, 25, 2, 4, 6, 0, 0),
(421, 'PE 121', 'Physical Education 3', 'BSBA II(B)', '2', 'Field', 31, 25, 2, 4, 6, 0, 0),
(422, 'BUS MATH 126', 'Bussiness Statistics', 'BSHM II(B)', '3', '', 34, 45, 2, 5, 6, 0, 0),
(423, 'HRM 303', 'International Cuisine with Laboratory (Section A)', 'BSHM III(A)', '6', 'Campus 1', 10, 30, 2, 4, 6, 0, 0),
(424, 'HRM 303', 'International Cuisine with Laboratory (Section B)', 'BSHM III(B)', '6', 'Campus 1', 3, 30, 2, 4, 6, 0, 0),
(425, 'HRM 302', 'Food & Beverage Control System (Section A)', 'BSHM III(A)', '6', 'Campus 1', 13, 35, 2, 4, 6, 0, 0),
(426, 'HRM 300', 'Principles of Tourism 1', 'BSHM III', '3', '106', 21, 60, 2, 5, 6, 0, 0),
(427, 'HRM 301', 'Principles of Mgt', '', '3', '105', 23, 55, 2, 5, 6, 0, 0),
(428, 'ECON 111', 'Basic Econ with Art', 'BSHM III', '3', '', 16, 25, 2, 5, 6, 0, 0),
(429, 'POL SCI 122', 'New Con & Phil Government', 'BSHM III', '3', '', 13, 25, 2, 5, 6, 0, 0),
(430, 'ACCTG 121', 'Elem Acctg with Basic Bookkeeping', 'BSHM III', '3', '', 14, 46, 2, 4, 6, 0, 0),
(431, 'FL 2', 'Advance Foreign Languege', 'BSHM III', '3', '', 13, 55, 2, 5, 6, 0, 0),
(432, 'PHILO 121', 'Intro to Logic', 'BSHM IV', '3', '107', 36, 25, 2, 5, 6, 0, 0),
(433, 'HRM 402', 'Prin of Marketing', 'BSHM IV', '3', '', 36, 40, 2, 5, 6, 0, 0),
(435, 'ENG 127', 'Busi Communication', 'BSHM IV', '3', '103', 34, 45, 2, 4, 6, 0, 0),
(436, 'PDR', 'Prof Dev & Public Relation', 'BSHM IV', '3', '', 24, 40, 2, 4, 6, 0, 0),
(437, 'HRM 401', 'Tourism Planning & Mgt', 'BSHM IV', '3', '106', 15, 40, 2, 4, 6, 0, 0),
(438, 'HIST 141', 'Rizals Works, life & Writings', 'BSHM IV', '3', '107', 35, 30, 2, 5, 6, 0, 0),
(439, 'BL 146', 'Busi Hospitality Laws, Obligation & Contract', 'BSHM IV', '3', '', 9, 50, 2, 5, 6, 0, 0),
(440, 'HRM 400', 'Events Management', 'BSHM IV', '3', '', 9, 50, 2, 4, 6, 0, 0),
(441, 'Math 115', 'Fundamentals of Math', 'BEED I', '3', 'TLE RM', 15, 50, 2, 4, 6, 0, 0),
(442, 'PE 111', 'Physical Fitness and Health', 'BEED I', '2', 'GYM', 25, 45, 2, 4, 6, 0, 0),
(443, 'Eng +', 'Remedial English', 'BEED I/BSED I', '0', 'SL 1', 25, 45, 2, 4, 6, 0, 0),
(444, 'Eng 111', 'Thinking and Study Skills in English', 'BEED I/BSED I', '3', 'SL 1', 20, 45, 2, 4, 6, 0, 0),
(445, 'Psych 111', 'General Psychology', 'BEED I', '3', 'CED 2', 8, 45, 2, 4, 6, 0, 0),
(446, 'Educ 1', 'Social Dimensions of Education', 'BEED I', '3', 'TLE RM', 6, 50, 2, 5, 6, 0, 0),
(447, 'Socio 111', 'Society & Culture w/ Family Planning', 'BEED I', '3', 'CED 1', 32, 50, 2, 5, 6, 0, 0),
(448, 'Bio 111', 'General Biology', 'BEED I', '3', 'Sci Lab', 15, 46, 2, 5, 6, 0, 0),
(449, 'Fil 111', 'Komunikasyon sa Akademikong Filipino', 'BEED I', '3', 'CED 4', 29, 45, 2, 4, 6, 0, 0),
(450, 'NSTP 11', 'National Services Training Program(LTS)', 'BEED I', '3', 'GYM', 16, 45, 2, 5, 6, 0, 0),
(451, 'Fil 134', 'Pagpapahalagang Pampanitikan', 'BEED II', '3', 'CED 4', 15, 45, 2, 4, 6, 0, 0),
(452, 'Math 112', 'Trigonometry', 'BEED II', '3', 'TLE RM', 13, 45, 2, 4, 6, 0, 0),
(453, 'Eng 112', 'Writing in the Discipline', 'BEED II', '3', 'CED 2', 25, 45, 2, 4, 6, 0, 0),
(454, 'Eng 121', 'Effective Speech Communication', 'BEED II', '3', 'CED 8', 32, 50, 2, 5, 6, 0, 0),
(455, 'Ed 3', 'Educational Technology 1 - Visual Arts', 'BEED II', '3', 'SL 1', 19, 45, 2, 4, 6, 0, 0),
(456, 'Hum 111', 'Music & Arts (Phil. Music & Methods)', 'BEED II', '3', 'SL 2', 29, 45, 2, 4, 6, 0, 0),
(457, 'Ed 7/FS 2', 'Facilitating Learning/Experiencing the Teaching Learning Process (Field Study)', 'BEED II', '4', 'CED 2', 9, 45, 2, 5, 6, 0, 0),
(458, 'PE 121', 'Social Recreation', 'BEED II', '2', 'GYM', 28, 45, 2, 5, 6, 0, 0),
(459, 'Chem 113', 'General Chemistry (Lecture only)', 'BEED II', '3', 'CED 1', 33, 45, 2, 5, 6, 0, 0),
(460, 'Ed 4', 'Principles of Teaching 1', 'BEED II', '3', 'CED 8', 21, 45, 2, 4, 6, 0, 0),
(461, 'Math 127', 'Plane and Solid Geometry', 'BEED III(A)', '3', 'CED 7', 38, 45, 2, 4, 6, 0, 0),
(462, 'Eng 136', 'Teaching English as a Second Language', 'BEED III(A)', '3', 'Leaning Hub', 39, 51, 2, 5, 6, 0, 0),
(463, 'Lit 114', 'Philippine Literature in English', 'BEED III(A)', '3', 'CED 8', 14, 45, 2, 4, 6, 0, 0),
(464, 'Ed 8/FS 4', 'Curriculum Development/Exploring the Curriculum', 'BEED III(A)', '4', 'CED 6', 9, 45, 2, 4, 6, 0, 0),
(465, 'Ed 9', 'Assessment of Student Learning 1', 'BEED III(A)', '3', 'CED 6', 17, 45, 2, 5, 6, 0, 0),
(466, 'Ed 16', 'Mother Tongue Based Multi Lingual Education', 'BEED III(A)', '3', 'CED 17', 39, 46, 2, 5, 6, 0, 0),
(467, 'Bio 134', 'Fundamentals of Ecology', 'BEED III(A)', '3', 'Sci Lab', 26, 45, 2, 5, 6, 0, 0),
(468, 'Phy 106', 'Astronomy', 'BEED III(A)', '3', 'SL 1', 39, 47, 2, 4, 6, 0, 0),
(469, 'Hist 111', 'Phil. History: Roots and Development', 'BEED III(A)', '3', 'CED 7', 1, 45, 2, 4, 6, 0, 0),
(470, 'Eng 136', 'Teaching English as a Second Language', 'BEED III(B)', '3', 'Leaning Hub', 31, 45, 2, 5, 6, 0, 0),
(471, 'Hist 111', 'Phil. History: Roots and Development', 'BEED III(B)', '3', 'CED 1', 25, 45, 2, 4, 6, 0, 0),
(472, 'Math 127', 'Plane and Solid Geometry', 'BEED III(B)', '3', 'CED 7', 33, 45, 2, 4, 6, 0, 0),
(473, 'Lit 114', 'Philippine Literature in English', 'BEED III(B)', '3', 'CED 8', 37, 45, 2, 4, 6, 0, 0),
(474, 'Ed 8/FS 4', 'Curriculum Development/Exploring the Curriculum', 'BEED III(B)', '4', 'CED 6', 7, 45, 2, 5, 6, 0, 0),
(475, 'Bio 134', 'Fundamentals of Ecology', 'BEED III(B)', '3', 'Sci Lab', 32, 45, 2, 5, 6, 0, 0),
(476, 'Ed 9', 'Assessment of Student Learning 1', 'BEED III(B)', '3', 'CED 6', 7, 45, 2, 5, 6, 0, 0),
(477, 'ED 16', 'Mother Tongue Based Multi Lingual Education', 'BEED III(B)', '3', 'CED 9', 19, 45, 2, 5, 6, 0, 0),
(478, 'Phy 106', 'Astronomy', 'BEED III(B)', '3', 'CSL 1', 33, 45, 2, 5, 6, 0, 0),
(479, 'Ed 14', 'Values Education', 'BEED IV(A)', '3', 'CED 9', 18, 45, 2, 5, 6, 0, 0),
(480, 'Pol. Sci. 122', 'Politics and Governance with Philippine Constitution', 'BEED IV(A)', '3', 'CED 2', 8, 46, 2, 5, 6, 0, 0),
(481, 'Eng 141', 'Phonology', 'BEED IV(A)', '3', 'Leaning Hub', 39, 47, 2, 4, 6, 0, 0),
(482, 'Philo 121', 'Introduction to Logic', 'BEED IV(A)', '3', 'CED 8', 27, 45, 2, 5, 6, 0, 0),
(483, 'Fil 121', 'Masining na Pagpapahayag', 'BEED IV(A)', '3', 'CED 4', 20, 45, 2, 5, 6, 0, 0),
(484, 'Ed 12/FS 6', 'The Teaching Profession / On Becoming a Teacher', 'BEED IV(A)', '4', 'CED 5', 37, 45, 2, 5, 6, 0, 0),
(485, 'HELE 121', 'Home Economics and Livelihood Education', 'BEED IV(A)', '3', 'CED 5', 3, 46, 2, 4, 6, 0, 0),
(486, 'Soc. Sci. 111', 'Building Across the Social Science Discipline Re-Makabayan as a Core Learning Area in the Basic Educ', 'BEED IV(A)', '3', 'CED 9', 40, 47, 2, 4, 6, 0, 0),
(487, 'Ed 13', 'Developmental Reading 2', 'BEED IV(A)', '3', 'CED 1', 23, 45, 2, 4, 6, 0, 0),
(488, 'Pol. Sci. 122', 'Politics and Governance with Philippine Constitution', 'BEED IV(B)', '3', 'CED 2', 1, 45, 2, 4, 6, 0, 0),
(489, 'Ed 14', 'Values Education', 'BEED IV(B)', '3', 'CED 9', 11, 45, 2, 4, 6, 0, 0),
(490, 'Eng 141', 'Phonology', 'BEED IV(B)', '3', 'Leaning Hub', 2, 45, 2, 5, 6, 0, 0),
(491, 'Philo 121', 'Introduction to Logic', 'BEED IV(B)', '3', 'CED 1', 33, 45, 2, 5, 6, 0, 0);
INSERT INTO `subjects` (`SUBID`, `SUBCODE`, `DESCRIPTION`, `SECTION`, `UNITS`, `SCHD_ROOM`, `SCHED_ID`, `LIMITS`, `CAMPUS_ID`, `COLLEGE_ID`, `SVID`, `PRQ_ID`, `CONTROL`) VALUES
(492, 'Soc. Sci. 111', 'Building Across the Social Science Discipline Re-Makabayan as a Core Learning Area in the Basic Educ', 'BEED IV(B)', '3', 'CED 6', 39, 45, 2, 4, 6, 0, 0),
(493, 'HELE 121', 'Home Economics and Livelihood Education', 'BEED IV(B)', '3', 'CED 5', 13, 45, 2, 4, 6, 0, 0),
(494, 'Ed 13', 'Developmental Reading 2', 'BEED IV(B)', '3', 'CED 1', 23, 45, 2, 4, 6, 0, 0),
(495, 'Ed 12/FS 6', 'The Teaching Profession / On Becoming a Teacher', 'BEED IV(B)', '4', 'CED 9', 27, 45, 2, 5, 6, 0, 0),
(496, 'Fil 121', 'Masining na Pagpapahayag', 'BEED IV(B)', '3', 'CED 4', 34, 45, 2, 5, 6, 0, 0),
(497, 'PE 111', 'Physical Fitness and Health', 'BSED I', '2', 'GYM', 22, 45, 2, 5, 6, 0, 0),
(498, 'Math 115', 'Fundamentals of Math', 'BSED I', '3', 'TLE RM', 4, 50, 2, 4, 6, 0, 0),
(499, 'Psych 111', 'General Psychology', 'BSED I', '3', 'CED 2', 23, 45, 2, 5, 6, 0, 0),
(500, 'Educ 1', 'Social Dimensions of Education', 'BSED I', '3', 'TLE RM', 8, 50, 2, 5, 6, 0, 0),
(501, 'Socio 111', 'Society & Culture w/ Family Planning', 'BSED I', '3', 'CED 5', 30, 47, 2, 4, 6, 0, 0),
(502, 'Bio 111', 'General Biology', 'BSED I', '3', 'Sci Lab', 12, 48, 2, 4, 6, 0, 0),
(503, 'Fil 111', 'Komunikasyon sa Akademikong Filipino', 'BSED I', '3', 'CED 4', 25, 45, 2, 4, 6, 0, 0),
(504, 'NSTP 11', 'National Services Training Program(LTS)', 'BSED I', '3', 'GYM', 36, 45, 2, 5, 6, 0, 0),
(505, 'Ed 3', 'Educational Technology 1 - Visual Arts', 'BSED II(ENGLISH)', '3', 'CED 5', 6, 45, 2, 4, 6, 0, 0),
(506, 'PE 121', 'Social Recreation', 'BSED II(ENGLISH)', '2', 'GYM', 40, 45, 2, 4, 6, 0, 0),
(507, 'Lit 114', 'Philippine Literature in English', 'BSED II(ENGLISH)', '3', 'Leaning Hub', 26, 45, 2, 5, 6, 0, 0),
(508, 'Spec 2', 'Language Curriculum for Secondary Schools', 'BSED II(ENGLISH)', '3', 'CED 7', 1, 45, 2, 4, 6, 0, 0),
(509, 'Spec 1', 'Structure of English', 'BSED II(ENGLISH)', '3', 'CED 5', 14, 45, 2, 4, 6, 0, 0),
(510, 'Eng 121', 'Effective Speech Communication', 'BSED II(ENGLISH)', '3', 'CED 8', 15, 50, 2, 5, 6, 0, 0),
(511, 'Ed 7/FS 2', 'Facilitating Learning/Experiencing the Teaching Learning Process (Field Study)', 'BSED II(ENGLISH)', '4', 'CED 2', 35, 45, 2, 5, 6, 0, 0),
(512, 'Ed 4', 'Principles of Teaching 1', 'BSED II(ENGLISH)', '3', 'CED 6', 14, 45, 2, 4, 6, 0, 0),
(513, 'Chem 113', 'General Chemistry (Lecture only)', 'BSED II(ENGLISH)', '3', 'Sci Lab', 2, 45, 2, 5, 6, 0, 0),
(514, 'Spec 3', 'World History & Civilization 1-B', 'BSED II(SOCIAL STUDIES)', '3', 'CED 6', 39, 45, 2, 5, 6, 0, 0),
(515, 'Spec 1', 'Geography 1-Basic Geography', 'BSED II(SOCIAL STUDIES)', '3', 'CED 4', 15, 45, 2, 5, 6, 0, 0),
(516, 'Eng 121', 'Effective Speech Communication', 'BSED II(SOCIAL STUDIES/MAPEH)', '3', 'SL 1', 14, 50, 2, 5, 6, 0, 0),
(517, 'Ed 3', 'Educational Technology 1 - Visual Arts', 'BSED II(SOCIAL STUDIES)', '3', 'CED 4', 32, 45, 2, 5, 6, 0, 0),
(518, 'Ed 7/FS 2', 'Facilitating Learning/Experiencing the Teaching Learning Process (Field Study)', 'BSED II(SOCIAL STUDIES)', '4', 'CED 2', 20, 45, 2, 5, 6, 0, 0),
(519, 'PE 121', 'Social Recreation', 'BSED II(SOCIAL STUDIES)', '2', 'GYM', 26, 45, 2, 5, 6, 0, 0),
(520, 'Eng 112', 'Writing in the Discipline', 'BSED II(SOCIAL STUDIES/MAPEH)', '3', 'CED 8', 13, 50, 2, 4, 6, 0, 0),
(521, 'Spec 2', 'World History & Civilization 1-A', 'BSED II(SOCIAL STUDIES)', '3', 'CED 7', 14, 45, 2, 5, 6, 0, 0),
(522, 'Chem 113', 'General Chemistry (Lecture only)', 'BSED II(SOCIAL STUDIES)', '3', 'Sci Lab', 15, 45, 2, 4, 6, 0, 0),
(523, 'Ed 4', 'Principles of Teaching 1', 'BSED II(SOCIAL STUDIES)', '3', 'CED 8', 16, 45, 2, 5, 6, 0, 0),
(524, 'PE 121', 'Rythmic Activities & Social Recreation', 'BSED II(MAPEH)', '2', 'GYM', 34, 45, 2, 5, 6, 0, 0),
(525, 'Spec 6', 'Solfeggio & Applied Piano', 'BSED II(MAPEH)', '3', 'SL 2', 32, 45, 2, 4, 6, 0, 0),
(526, 'Spec 10', 'Integrated Music Theory', 'BSED II(MAPEH)', '3', 'UPTA SL', 29, 45, 2, 5, 6, 0, 0),
(527, 'Ed 3', 'Educational Technology 1 - Visual Arts', 'BSED II(MAPEH)', '3', 'SL 1', 27, 45, 2, 4, 6, 0, 0),
(528, 'Ed 7/FS 2', 'Facilitating Learning/Experiencing the Teaching Learning Process (Field Study)', 'BSED II(MAPEH)', '4', 'CED 2', 10, 45, 2, 5, 6, 0, 0),
(529, 'Spec 1', 'Foundation of MAPEH', 'BSED II(MAPEH)', '3', 'UPTA SL', 25, 45, 2, 4, 6, 0, 0),
(530, 'Ed 4', 'Principles of Teaching 1', 'BSED II(MAPEH)', '3', 'CED 8', 5, 45, 2, 5, 6, 0, 0),
(531, 'Chem 113', 'General Chemistry (Lecture only)', 'BSED II(MAPEH)', '3', 'Sci Lab', 22, 45, 2, 5, 6, 0, 0),
(532, 'Ed 8/FS 4', 'Curriculum Development/Exploring the Curriculum', 'BSED III(ENGLISH)', '4', 'TLE RM', 26, 45, 2, 4, 6, 0, 0),
(533, 'Spec 9', 'Campus Journalism', 'BSED III(ENGLISH)', '3', 'CED 1', 20, 50, 2, 5, 6, 0, 0),
(534, 'Spec 10', 'English for Specific Purposes', 'BSED III(ENGLISH)', '3', 'CED 5', 22, 50, 2, 5, 6, 0, 0),
(535, 'Spec 7', 'Afro-Asian Literature', 'BSED III(ENGLISH)', '3', 'CED 7', 13, 50, 2, 5, 6, 0, 0),
(536, 'Hist 111', 'Phil. History: Roots and Development', 'BSED III(ENGLISH)', '3', 'CED 1', 11, 45, 2, 4, 6, 0, 0),
(537, 'Spec 8', 'Speech and Stage Arts', 'BSED III(ENGLISH)', '3', 'CED 7', 1, 45, 2, 5, 6, 0, 0),
(538, 'Spec 6', 'Mythology and Folklore', 'BSED III(ENGLISH)', '3', 'CED 7', 24, 50, 2, 4, 6, 0, 0),
(539, 'Fil 121', 'Masining na Pagpapahayag', 'BSED III(ENGLISH)', '3', 'SL 2', 40, 45, 2, 5, 6, 0, 0),
(540, 'Ed 9', 'Assessment of Student Learning 1', 'BSED III(ENGLISH)', '3', 'CED 2', 29, 45, 2, 4, 6, 0, 0),
(541, 'Spec 8', 'Teaching Approaches in Secondary Social Studies', 'BSED III(SOCIAL STUDIES)', '3', 'CED 8', 28, 45, 2, 4, 6, 0, 0),
(542, 'Lit 114', 'Philippine Literature in English', 'BSED III(SOCIAL STUDIES)', '3', 'CED 8', 14, 45, 2, 4, 6, 0, 0),
(543, 'Hist 111', 'Phil. History: Roots and Development', 'BSED III(SOCIAL STUDIES)', '3', 'CED 1', 10, 45, 2, 4, 6, 0, 0),
(544, 'Fil 121', 'Masining na Pagpapahayag', 'BSED III(SOCIAL STUDIES)', '3', 'CED 4', 14, 45, 2, 4, 6, 0, 0),
(545, 'Ed 8/FS 4', 'Curriculum Development/Exploring the Curriculum', 'BSED III(SOCIAL STUDIES)', '4', 'CED 6', 26, 45, 2, 4, 6, 0, 0),
(546, 'Spec 9', 'Micro-Macro Economics', 'BSED III(SOCIAL STUDIES)', '3', 'CBA 103', 10, 45, 2, 5, 6, 0, 0),
(547, 'Ed 9', 'Assessment of Student Learning 1', 'BSED III(SOCIAL STUDIES)', '3', 'CED 5', 35, 45, 2, 5, 6, 0, 0),
(548, 'Spec 11', 'Scientific Reasoning & Critical Thinking', 'BSED III(SOCIAL STUDIES)', '3', 'CBA 105', 9, 45, 2, 4, 6, 0, 0),
(549, 'Spec 10', 'Comparative Government & Politics', 'BSED III(SOCIAL STUDIES)', '3', 'CED 6', 23, 45, 2, 4, 6, 0, 0),
(550, 'Ed 8/FS 4', 'Curriculum Development/Exploring the Curriculum', 'BSED III(TLE)', '4', 'CED 5', 40, 45, 2, 4, 6, 0, 0),
(551, 'Spec 8', 'Plumbing', 'BSED III(TLE)', '3', 'SHS', 11, 50, 2, 5, 6, 0, 0),
(552, 'Spec 9', 'General Crop Production', 'BSED III(TLE)', '3', 'SHS', 27, 50, 2, 5, 6, 0, 0),
(553, 'Hist 111', 'Phil. History: Roots and Development', 'BSED III(TLE)', '3', 'CED 1', 36, 45, 2, 4, 6, 0, 0),
(554, 'Lit 114', 'Philippine Literature in English', 'BSED III(TLE)', '3', 'CED 8', 2, 45, 2, 5, 6, 0, 0),
(555, 'Spec 10', 'Animal Production', 'BSED III(TLE)', '3', 'SL 1', 31, 50, 2, 4, 6, 0, 0),
(556, 'Spec 11', 'Drafting', 'BSED III(TLE)', '3', 'CAMPUS 1', 9, 50, 2, 4, 6, 0, 0),
(557, 'Ed 9', 'Assessment of Student Learning 1', 'BSED III(TLE)', '3', 'CED 5', 19, 45, 2, 5, 6, 0, 0),
(558, 'Ed 17', 'Methods of Research/Thesis Writing', 'BSED III(TLE)', '3', 'CED 5', 36, 45, 2, 5, 6, 0, 0),
(559, 'Hist 111', 'Phil. History: Roots and Development', 'BSED III(MATH)', '3', 'CED 1', 34, 45, 2, 5, 6, 0, 0),
(560, 'Ed 8/FS 4', 'Curriculum Development/Exploring the Curriculum', 'BSED III(MATH)', '4', 'CED 5', 8, 45, 2, 5, 6, 0, 0),
(561, 'Spec 8', 'Calculus 1(Differential Calculus)', 'BSED III(MATH)', '5', 'CED 7', 21, 45, 2, 4, 6, 0, 0),
(562, 'Lit 114', 'Philippine Literature in English', 'BSED III(MATH)', '3', 'Leaning Hub', 11, 45, 2, 4, 6, 0, 0),
(563, 'Spec 9', 'Strategy in Teaching Mathematics', 'BSED III(MATH)', '3', 'CED 9', 17, 45, 2, 4, 6, 0, 0),
(564, 'Spec 11', 'Advanced Statistics/Research in Math', 'BSED III(MATH)', '3', 'CED 7', 32, 45, 2, 4, 6, 0, 0),
(565, 'Spec 10', 'Modern Geometry', 'BSED III(MATH)', '3', 'CED 7', 26, 45, 2, 4, 6, 0, 0),
(566, 'Ed 9', 'Assessment of Student Learning 1', 'BSED III(MATH)', '3', 'CED 5', 39, 45, 2, 4, 6, 0, 0),
(567, 'Spec 8', 'Team Sports', 'BSED III(MAPEH) A', '3', 'SL 1', 24, 45, 2, 5, 6, 0, 0),
(568, 'Hist 111', 'Phil. History: Roots and Development', 'BSED III(MAPEH) A', '3', 'CED 1', 9, 45, 2, 5, 6, 0, 0),
(569, 'Ed 17', 'Methods of Research', 'BSED III(MAPEH) A', '3', 'CED 8', 28, 50, 2, 5, 6, 0, 0),
(570, 'Spec 5', 'Philippine Folk Dance & Other Dance Forms', 'BSED III(MAPEH) A', '3', 'GYM', 13, 46, 2, 5, 6, 0, 0),
(571, 'Spec 14', 'Athletics, Individual, Dual & Combative Sports', 'BSED III(MAPEH) A', '3', 'GYM', 24, 50, 2, 5, 6, 0, 0),
(572, 'Lit 114', 'Philippine Literature in English', 'BSED III(MAPEH) A', '3', 'CED 8', 11, 46, 2, 5, 6, 0, 0),
(573, 'Ed 8/FS 4', 'Curriculum Development/Exploring the Curriculum', 'BSED III(MAPEH) A', '4', 'CED 6', 37, 45, 2, 4, 6, 0, 0),
(574, 'Fil 121', 'Masining na Pagpapahayag', 'BSED III(MAPEH) A', '3', 'CED 4', 31, 45, 2, 4, 6, 0, 0),
(575, 'Ed 9', 'Assessment of Student Learning 1', 'BSED III(MAPEH) A', '3', 'CED 9', 32, 45, 2, 5, 6, 0, 0),
(576, 'Lit 114', 'Philippine Literature in English', 'BSED III(MAPEH) B', '3', 'CED 2', 12, 45, 2, 4, 6, 0, 0),
(577, 'Hist 111', 'Phil. History: Roots and Development', 'BSED III(MAPEH) B', '3', 'CED 1', 26, 45, 2, 4, 6, 0, 0),
(578, 'Spec 14', 'Athletics, Individual, Dual & Combative Sports', 'BSED III(MAPEH) B', '3', 'GYM', 25, 45, 2, 4, 6, 0, 0),
(579, 'Ed 17', 'Methods of Research', 'BSED III(MAPEH) B', '3', 'CED 8', 4, 45, 2, 5, 6, 0, 0),
(580, 'Spec 5', 'Philippine Folk Dance & Other Dance Forms', 'BSED III(MAPEH) B', '3', 'GYM', 13, 45, 2, 5, 6, 0, 0),
(581, 'Ed 8/FS 4', 'Curriculum Development/Exploring the Curriculum', 'BSED III(MAPEH) B', '4', 'CED 6', 1, 45, 2, 5, 6, 0, 0),
(582, 'Spec 8', 'Team Sports', 'BSED III(MAPEH) B', '3', 'GYM', 14, 45, 2, 4, 6, 0, 0),
(583, 'Ed 9', 'Assessment of Student Learning 1', 'BSED III(MAPEH) B', '3', 'CED 6', 8, 45, 2, 4, 6, 0, 0),
(584, 'Fil 121', 'Masining na Pagpapahayag', 'BSED III(MAPEH) B', '3', 'SL 1', 24, 45, 2, 5, 6, 0, 0),
(585, 'Spec 11', 'Fundamentals of Ecology (Bio 134)', 'BSED III(BIO SCI)', '5', 'Sci Lab', 23, 45, 2, 4, 6, 0, 0),
(586, 'Spec 8', 'Statistical Methods in Biology (Bio 138)', 'BSED III(BIO SCI)', '3', 'Sci Lab', 37, 45, 2, 5, 6, 0, 0),
(587, 'Ed 8/FS 4', 'Curriculum Development/Exploring the Curriculum', 'BSED III(BIO SCI)', '4', 'TLE RM', 40, 45, 2, 4, 6, 0, 0),
(588, 'Spec 9', 'Organic Chemistry (Chem 128)', 'BSED III(BIO SCI)', '3', 'CED 1', 13, 45, 2, 4, 6, 0, 0),
(589, 'Lit 114', 'Philippine Literature in English', 'BSED III(BIO SCI)', '3', 'Leaning Hub', 36, 45, 2, 4, 6, 0, 0),
(590, 'Spec 10', 'Cell/Molecular Biology (Bio 140)', 'BSED III(BIO SCI)', '3', 'Sci Lab', 20, 45, 2, 5, 6, 0, 0),
(591, 'Hist 111', 'Phil. History: Roots and Development', 'BSED III(BIO SCI)', '3', 'CED 1', 2, 45, 2, 4, 6, 0, 0),
(592, 'Ed 9', 'Assessment of Student Learning 1', 'BSED III(BIO SCI)', '3', 'CED 6', 33, 45, 2, 4, 6, 0, 0),
(593, 'Spec 19', 'Assessment & Evaluation in the Social Studies', 'BSED IV(SOCIAL STUDIES)', '3', 'CED 8', 9, 45, 2, 4, 6, 0, 0),
(594, 'Philo 121', 'Introduction to Logic', 'BSED IV(SOCIAL STUDIES)', '3', 'SL 1', 7, 45, 2, 5, 6, 0, 0),
(595, 'Ed 14', 'Values Education and Work Ethics', 'BSED IV(SOCIAL STUDIES)', '3', 'CED 9', 22, 45, 2, 4, 6, 0, 0),
(596, 'Spec 18', 'Socio-Cultural Anthropology', 'BSED IV(SOCIAL STUDIES)', '3', 'CED 4', 24, 45, 2, 4, 6, 0, 0),
(597, 'Spec 16', 'Building Bridges Across the Social Science Discipline (Re-Makabayan as a Core Learning Area in the B', 'BSED IV(SOCIAL STUDIES)', '3', 'TLE RM', 25, 45, 2, 5, 6, 0, 0),
(598, 'Spec 17', 'Law & Related Studies', 'BSED IV(SOCIAL STUDIES)', '3', 'CED 4', 5, 45, 2, 5, 6, 0, 0),
(599, 'Ed 12/FS 6', 'The Teaching Profession / On Becoming a Teacher', 'BSED IV(SOCIAL STUDIES)', '4', 'TLE RM', 5, 45, 2, 5, 6, 0, 0),
(600, 'Spec 20', 'Trends & Issues in Social Studies', 'BSED IV(SOCIAL STUDIES)', '3', 'CED 7', 8, 45, 2, 5, 6, 0, 0),
(601, 'Fil 121', 'Masining na Pagpapahayag', 'BSED IV(TLE)', '3', 'CED 4', 38, 45, 2, 4, 6, 0, 0),
(602, 'Ed 14', 'Values Education', 'BSED IV(TLE)', '3', 'CED 9', 5, 50, 2, 5, 6, 0, 0),
(603, 'Philo 121', 'Introduction to Logic', 'BSED IV(TLE)', '3', 'CED 4', 27, 45, 2, 5, 6, 0, 0),
(604, 'Spec 16', 'Electricity', 'BSED IV(TLE)', '3', 'SHS', 8, 50, 2, 5, 6, 0, 0),
(605, 'Spec 20', 'Ceramics', 'BSED IV(TLE)', '3', 'CED 9', 38, 50, 2, 5, 6, 0, 0),
(606, 'Ed 12/FS 6', 'The Teaching Profession / On Becoming a Teacher', 'BSED IV(TLE)', '4', 'CED 5', 20, 50, 2, 4, 6, 0, 0),
(607, 'Spec 19', 'Research in TLE', 'BSED IV(TLE)', '3', 'CED 4', 34, 50, 2, 5, 6, 0, 0),
(608, 'Spec 17', 'Sheet Metal w/ Automotive', 'BSED IV(TLE)', '3', 'CAMPUS 1', 38, 50, 2, 4, 6, 0, 0),
(609, 'Spec 18', 'Refrigeration & Air Automotive', 'BSED IV(TLE)', '3', 'CAMPUS 1', 14, 50, 2, 5, 6, 0, 0),
(610, 'ST 123', 'Family Life Education, Environmental Education, and Collaborative Learning', 'BSED IV(ENGLISH)', '3', 'CED 7', 13, 45, 2, 5, 6, 0, 0),
(611, 'Spec 18', 'Remedial Instruction in English', 'BSED IV(ENGLISH)', '3', 'CED 2', 20, 45, 2, 5, 6, 0, 0),
(612, 'Spec 16', 'Language and Literature Assessment', 'BSED IV(ENGLISH)', '3', 'CED 2', 1, 45, 2, 5, 6, 0, 0),
(613, 'Spec 17', 'Creative Writing', 'BSED IV(ENGLISH)', '3', 'CED 2', 27, 45, 2, 4, 6, 0, 0),
(614, 'Philo 121', 'Introduction to Logic', 'BSED IV(ENGLISH)', '3', 'SL 1', 28, 45, 2, 5, 6, 0, 0),
(615, 'Ed 12/FS 6', 'The Teaching Profession / On Becoming a Teacher', 'BSED IV(ENGLISH)', '4', 'CED 5', 30, 45, 2, 4, 6, 0, 0),
(616, 'Spec 19', 'Language Research', 'BSED IV(ENGLISH)', '3', 'CED 4', 1, 45, 2, 5, 6, 0, 0),
(617, 'Spec 20', 'Translation and Editing of Text', 'BSED IV(ENGLISH)', '3', 'CED 2', 3, 45, 2, 5, 6, 0, 0),
(618, 'Ed 14', 'Values Education and Work Ethics', 'BSED IV(ENGLISH)', '3', 'CED 1', 9, 45, 2, 4, 6, 0, 0),
(619, 'Econ 111', 'Basic Economics w/ Taxation & Agrarian Reform', 'BSED IV(BIO SCI)', '3', 'CED 9', 8, 45, 2, 4, 6, 0, 0),
(620, 'Spec 14', 'Science, Technology & Society (Sci Ed 143 )', 'BSED IV(BIO SCI)', '3', 'Sci Lab', 37, 45, 2, 4, 6, 0, 0),
(621, 'Philo 121', 'Introduction to Logic', 'BSED IV(BIO SCI)', '3', 'SL 2', 10, 45, 2, 5, 6, 0, 0),
(622, 'ST 123', 'Family Life Education, Environmental Education, and Collaborative Learning', 'BSED IV(BIO SCI)', '3', 'CED 2', 12, 47, 2, 4, 6, 0, 0),
(623, 'Spec 15', 'Biochemistry (Chem 132)', 'BSED IV(BIO SCI)', '5', 'CED 1', 2, 45, 2, 5, 6, 0, 0),
(624, 'Ed 14', 'Values Education and Work Ethics', 'BSED IV(BIO SCI)', '3', 'CBA 107', 18, 45, 2, 4, 6, 0, 0),
(625, 'Fil 121', 'Masining na Pagpapahayag', 'BSED IV(BIO SCI)', '3', 'CED 4', 8, 45, 2, 4, 6, 0, 0),
(626, 'Ed 12/FS 6', 'The Teaching Profession / On Becoming a Teacher', 'BSED IV(BIO SCI)', '4', 'CBA 107', 9, 45, 2, 5, 6, 0, 0),
(627, 'ST 123', 'Family Life Education, Environmental Education, and Collaborative Learning', 'BSED IV(MATH)', '3', 'CED 6', 22, 45, 2, 4, 6, 0, 0),
(628, 'Spec 17', 'Numerical Analysis', 'BSED IV(MATH)', '3', 'CED 7', 11, 50, 2, 5, 6, 0, 0),
(629, 'Spec 18', 'Abstract Algebra', 'BSED IV(MATH)', '3', 'CED 7', 19, 50, 2, 5, 6, 0, 0),
(630, 'Spec 19', 'Seminar or Technology in Math', 'BSED IV(MATH)', '3', 'CED 7', 19, 50, 2, 4, 6, 0, 0),
(631, 'Spec 16', 'Instrumentation in Mathematics', 'BSED IV(MATH)', '3', 'CED 9', 9, 50, 2, 4, 6, 0, 0),
(632, 'Ed 14', 'Values Education and Work Ethics', 'BSED IV(MATH)', '3', 'CED 9', 23, 45, 2, 5, 6, 0, 0),
(633, 'Philo 121', 'Introduction to Logic', 'BSED IV(MATH)', '3', 'SL 1', 1, 45, 2, 4, 6, 0, 0),
(634, 'Ed 12/FS 6', 'The Teaching Profession / On Becoming a Teacher', 'BSED IV(MATH)', '4', 'CBA 107', 25, 45, 2, 5, 6, 0, 0),
(635, 'Fil 121', 'Masining na Pagpapahayag', 'BSED IV(MATH)', '3', 'SL 2', 22, 45, 2, 5, 6, 0, 0),
(636, 'Ed 12/FS 6', 'The Teaching Profession / On Becoming a Teacher', 'BSED IV(MAPEH) A', '4', 'CED 5', 37, 45, 2, 4, 6, 0, 0),
(637, 'Spec 16', 'Organization & Management of MAPEH Activities', 'BSED IV(MAPEH) A', '3', 'GYM', 8, 45, 2, 5, 6, 0, 0),
(638, 'Spec 18', 'Choral Works & Conducting', 'BSED IV(MAPEH) A', '3', 'CED 8', 7, 45, 2, 5, 6, 0, 0),
(639, 'Philo 121', 'Introduction to Logic', 'BSED IV(MAPEH) A', '3', 'SL 1', 15, 45, 2, 5, 6, 0, 0),
(640, 'Ed 14', 'Values Education and Work Ethics', 'BSED IV(MAPEH) A', '3', 'CED 9', 15, 45, 2, 5, 6, 0, 0),
(641, 'Spec 17', 'Special Education for MAPEH', 'BSED IV(MAPEH) A', '3', 'CED 4', 17, 45, 2, 5, 6, 0, 0),
(642, 'Spec 19', 'Rondalla Playing & Instrumentation', 'BSED IV(MAPEH) A', '3', 'SL 2', 3, 45, 2, 4, 6, 0, 0),
(643, 'Spec 20', 'Research in MAPEH / Thesis Writing', 'BSED IV(MAPEH) A', '3', 'SL 1', 19, 45, 2, 5, 6, 0, 0),
(644, 'Spec 15', 'Coaching & Officiating Sports, Dance & Music Activities', 'BSED IV(MAPEH) A', '3', 'UPTA', 39, 47, 2, 4, 6, 0, 0),
(645, 'Ed 14', 'Values Education and Work Ethics', 'BSED IV(MAPEH) B', '3', 'CED 9', 9, 45, 2, 5, 6, 0, 0),
(646, 'Spec 18', 'Choral Works & Conducting', 'BSED IV(MAPEH) B', '3', 'SL 1', 14, 45, 2, 4, 6, 0, 0),
(647, 'Ed 12/FS 6', 'The Teaching Profession / On Becoming a Teacher', 'BSED IV(MAPEH) B', '4', 'CED 5', 19, 45, 2, 5, 6, 0, 0),
(648, 'Spec 17', 'Special Education for MAPEH', 'BSED IV(MAPEH) B', '3', 'CED 6', 36, 45, 2, 4, 6, 0, 0),
(649, 'Spec 20', 'Research in MAPEH / Thesis Writing', 'BSED IV(MAPEH) B', '3', 'SL 1', 25, 45, 2, 4, 6, 0, 0),
(650, 'Spec 19', 'Rondalla Playing & Instrumentation', 'BSED IV(MAPEH) B', '3', 'SL 1', 23, 45, 2, 4, 6, 0, 0),
(651, 'Spec 15', 'Coaching & Officiating Sports, Dance & Music Activities', 'BSED IV(MAPEH) B', '3', 'UPTA SL', 23, 45, 2, 5, 6, 0, 0),
(652, 'Spec 16', 'Organization & Management of MAPEH Activities', 'BSED IV(MAPEH) B', '3', 'GYM', 33, 45, 2, 5, 6, 0, 0),
(653, 'Philo 121', 'Introduction to Logic', 'BSED IV(MAPEH) B', '3', 'SL 1', 31, 45, 2, 4, 6, 0, 0),
(654, 'MIL', 'Media and Information Literacy', 'SHS', '3', 'TBA', 26, 40, 2, 5, 6, 0, 0),
(655, 'PSYCH 115', 'Busi Ethics & Public Relation', 'BSOSM IV', '3', 'TBA', 40, 25, 2, 4, 6, 0, 0),
(656, 'UCSP', 'Understanding Culture, Society and Politics', 'SHS', '3', 'TBA', 16, 40, 2, 5, 6, 0, 0),
(657, 'PEH', 'Pysical Education and Health', 'SHS', '3', 'TBA', 8, 40, 2, 4, 6, 0, 0),
(658, 'CPAR', 'Contemporary Philippine Arts from the Region', 'SHS', '3', 'TBA', 27, 40, 2, 5, 6, 0, 0),
(659, 'BC', '(English for Academic and Professional Purposes) Business Communication', 'SHS', '3', 'TBA', 1, 40, 2, 4, 6, 0, 0),
(660, 'PM', 'Principles of Marketing', 'ABM', '3', 'TBA', 40, 40, 2, 4, 6, 0, 0),
(661, 'FABM', 'Fundamentals of Accountancy, Business Management 2', 'ABM', '3', 'TBA', 18, 40, 2, 4, 6, 0, 0),
(662, 'OM', 'Organization and Management', 'ABM', '3', 'TBA', 19, 40, 2, 4, 6, 0, 0),
(663, 'AS', 'Automotive Servicing', 'Automotive', '3', 'TBA', 15, 40, 2, 4, 6, 0, 0),
(664, 'C', 'Cookery', 'SHS', '3', 'TBA', 29, 40, 2, 5, 6, 0, 0),
(665, 'PPPL', 'Pagsulat sa Pilipino sa Piling larangan', 'SHS', '3', 'TBA', 19, 40, 2, 4, 6, 0, 0),
(666, 'STENO 111', 'Fundamentals of Shorthand', 'BSOSM 1', '5', 'Lab', 19, 45, 2, 4, 6, 0, 0),
(667, 'HRM 302', 'Food & Beverage control System (section B)', 'BSHM III(B)', '3', 'Campus 1', 37, 35, 2, 5, 6, 0, 0),
(668, 'ANTHRO 131', 'Cultural Anthropology', 'BSHM IV', '3', 'TBA', 25, 55, 2, 5, 6, 0, 0),
(669, 'ENG 122', 'Technical Writing & Reporting', 'OPEN A', '3', 'TBA', 33, 40, 2, 4, 6, 0, 0),
(670, 'ENG 124', 'Argumentation & Debate', 'OPEN A', '3', 'TBA', 1, 40, 2, 5, 6, 0, 0),
(671, 'FIL 112', 'Pagbasa at Pagsulat ng Ibat Ibang Disciplina', 'OPEN A', '3', 'TBA', 33, 40, 2, 5, 6, 0, 0),
(672, 'CHEM 132', 'Forensic Chemistry', 'OPEN A', '5', 'TBA', 38, 40, 2, 5, 6, 0, 0),
(673, 'BL 141', 'Obligation & Contract', 'BSBA III (HRDM-B)', '3', 'TBA', 1, 30, 2, 5, 6, 0, 0),
(674, 'FM 132', 'Financial Management', 'BSBA III (FM)', '3', 'TBA', 26, 35, 2, 4, 6, 0, 0),
(675, 'LIT 114', 'Philippine Literature', 'BSBA III (FM)', '3', 'TBA', 33, 35, 2, 4, 6, 0, 0),
(676, 'MS 41', 'Military Science 41', 'ROTC Officer', '1.', 'Field', 21, 20, 2, 5, 6, 0, 0),
(677, 'PE 112', 'Physical Education II(Recreation, Games and Sprots)', 'OPEN A', '2', 'Gym', 5, 40, 2, 4, 6, 0, 0),
(678, 'TAX 111', 'Income Taxation', 'BSBA III (HRDM-B)', '3', 'TBA', 14, 30, 2, 5, 6, 0, 0),
(679, 'HRDM 130', 'Administration Office Mgt.', 'BSBA III (HRDM-B)', '3', 'TBA', 18, 30, 2, 5, 6, 0, 0),
(680, 'ENG 128', 'Business Correspondence 2', 'BSBA III (HRDM-B)', '3', 'TBA', 32, 30, 2, 5, 6, 0, 0),
(681, 'FM 131', 'Credit and Collection', 'BSBA III(FM-B)', '3', 'RM 105', 5, 40, 2, 5, 6, 0, 0),
(682, 'FM 130', 'Banking and Financial Institution', 'BSBA III(FM-B)', '3', 'TBA', 13, 40, 2, 5, 6, 0, 0),
(683, 'LIT 114', 'Philippine Literature', 'BSBA III(FM-B)', '3', 'RM 103', 27, 40, 2, 5, 6, 0, 0),
(684, 'TAX 111', 'Income Taxation', 'BSBA III(FM-B)', '3', 'RM 102', 34, 40, 2, 4, 6, 0, 0),
(685, 'FM 140', 'Global Finance with E-Banking', 'BSBA III(FM-B)', '3', 'TBA', 11, 40, 2, 4, 6, 0, 0),
(686, 'SERV 100', 'Service Culture', 'BSBA III(FM-B)', '3', 'RM 107', 4, 40, 2, 4, 6, 0, 0),
(687, 'ENG 128', 'Business Correspondence 2', 'BSBA III(FM-B)', '3', 'RM 203', 17, 40, 2, 5, 6, 0, 0),
(688, 'BL 141', 'Obligation & Contract', 'BSBA III(FM-B)', '3', 'RM 107', 16, 45, 2, 5, 6, 0, 0),
(689, 'FM 132', 'Financial Management', 'BSBA III(FM-B)', '3', 'RM 101', 26, 40, 2, 4, 6, 0, 0),
(690, 'ECON 111', 'Basic Economic w/ ART', 'OPEN B (BSCRIM 1)', '3', 'TBA', 17, 40, 2, 4, 6, 0, 0),
(691, 'ENG +', 'Remedial English', 'BSOSM 1', '0', 'RM 102', 18, 15, 2, 5, 6, 0, 0),
(692, 'ENG 111', 'Study and Thinking Skills', 'BSOSM 1', '3', 'RM 102', 16, 45, 2, 5, 6, 0, 0),
(693, 'FIL 111', 'Sining ng Pakikipagtalastasan', 'BSOSM 1', '3', 'TBA', 29, 45, 2, 5, 6, 0, 0),
(694, 'TYPING 111', 'Fundamentals of Typewriting', 'BSOSM 1', '5', 'TR', 7, 45, 2, 4, 6, 0, 0),
(695, 'SERV 100', 'Service Culture', 'BSBA III (HRDM-B)', '3', 'ADM', 36, 30, 2, 4, 6, 0, 0),
(696, 'HRDM 131', 'Recruitment and Selection', 'BSBA III (HRDM-B)', '3', 'TBA', 29, 30, 2, 5, 6, 0, 0),
(697, 'HRDM 133', 'Strat. Human Resource Mgt.', 'BSBA III (HRDM-B)', '3', 'TBA', 6, 30, 2, 5, 6, 0, 0),
(698, 'HRDM 132', 'Training & Selection', 'BSBA III (HRDM-B)', '3', 'TBA', 31, 30, 2, 5, 6, 0, 0),
(699, 'LIT 114', 'Philippine Literature', 'BSBA III (HRDM-B)', '3', 'TBA', 37, 30, 2, 4, 6, 0, 0),
(700, 'MATH 111', 'College Algebra', 'BSOSM 1', '3', 'TBA', 11, 45, 2, 4, 6, 0, 0),
(701, 'MS 31', 'Military Science 31', 'ROTC Officer', '1.', 'Field', 4, 20, 2, 4, 6, 0, 0),
(702, 'PE 111', 'Physical Fitness & Health', 'BSOSM 1', '2', 'Field', 33, 45, 2, 5, 6, 0, 0),
(703, 'MGT 144', 'Project Development or Feasibility Study', 'BSIT-ELECT 3A/BSIT-ELEX 3A/BSIT-AUTO 3A/BSIT-CT 3A', '3', 'CIT 4', 31, 40, 2, 4, 6, 0, 0),
(704, 'LEA 121', 'Police Org. and Administration and Police Planning', 'Crim 2B', '3', 'TBA', 38, 45, 2, 5, 6, 0, 0),
(705, 'CRIM 121', 'Police Photography', 'BSCRIM 2B', '4', 'TBA', 25, 40, 2, 4, 6, 0, 0),
(706, 'CLJ 121', 'Criminal Law (Book 1)', 'BSCRIM 2B', '3', 'TBA', 29, 40, 2, 4, 6, 0, 0),
(707, 'ANS 121', 'Aptitude in the Service III', 'BSCRIM 2B', '1', 'Gym', 13, 40, 2, 5, 6, 0, 0),
(708, 'CDI 123', 'Fundamentals of Criminal Investigation', 'BSCRIM 2B', '3', 'Gym', 8, 40, 2, 5, 6, 0, 0),
(709, 'DEFTAC 121', '1st Aid & Water Survival', 'BSCRIM 2B', '2', 'Gym', 16, 40, 2, 5, 6, 0, 0),
(710, 'PSYCH 131', 'Industrial Psychology', 'OPEN B (CIT/ALL MAJOR)', '3', 'CIT 2', 17, 40, 2, 4, 6, 0, 0),
(711, 'ITS 113', 'Programming 1', 'BSInT 1C', '3', 'CAS 5', 16, 25, 2, 4, 6, 0, 0),
(712, 'ENG +', 'Remedial English', 'BSBA I - B', '0', 'TBA', 20, 40, 2, 4, 6, 0, 0),
(713, 'ENG 111', 'Study and Thinking Skills', 'BSBA I - B', '3', 'TBA', 22, 40, 2, 5, 6, 0, 0),
(714, 'SOCIO 111', 'Society, Culture and Family Planning', 'BSBA I - B', '3', 'TBA', 4, 50, 2, 5, 6, 0, 0),
(715, 'FIL 111', 'Sining ng Pakikipagtalastasan', 'BSBA I - B', '3', 'TBA', 15, 50, 2, 5, 6, 0, 0),
(716, 'MATH 111', 'College Algebra', 'BSBA I - B', '3', 'TBA', 31, 40, 2, 5, 6, 0, 0),
(717, 'MGT 124', 'Principles of Management', 'BSBA I - B', '3', 'TBA', 1, 50, 2, 5, 6, 0, 0),
(718, 'TYPING 111', 'Fundamentals of Typewriting', 'BSBA I - B', '3', 'TBA', 36, 51, 2, 5, 6, 0, 0),
(719, 'PHYSCI 100', 'Earth & Environmental Science', 'BSBA I - B', '3', 'TBA', 35, 50, 2, 4, 6, 0, 0),
(720, 'PE 111', 'Physical Fitness and Health Field', 'BSBA I - B', '2', 'TBA', 23, 40, 2, 5, 6, 0, 0),
(721, 'NSTP 1', 'National Service Training Program 1', 'BSBA I - B', '3', 'Field', 25, 40, 2, 4, 6, 0, 0),
(722, 'PSYCH 111', 'General Psychology', 'OPEN C (BSIT-AUTO 1/ELECT 1/BSCRIM 1/BSCS/BSInT 1)', '3', 'TBA', 37, 40, 2, 4, 6, 0, 0),
(723, 'ENG 121', 'Effective Speech', 'OPEN C (BSIT-AUTO 2/ELECT 2/BSCRIM 2)', '3', 'TBA', 9, 40, 2, 5, 6, 0, 0),
(724, 'ENG +/0', 'Remedial English/Grammar, Rhetoric and Composition', 'OPEN (BSIT-AUTO 1/ELEC 1/MDNA 1/BSCRIM 1/ BSCS 1)', '0', 'TBA', 1, 40, 2, 5, 6, 0, 0),
(725, 'BCS 111', 'Computer Literacy', 'OPEN B (BSCRIM 2)', '3', 'CA7', 23, 40, 2, 4, 6, 0, 0),
(726, 'ELECT 140', 'On-The Job Training (OJT) 288 Hours (6 Weeks)', 'BSIT-ELECT 4A', '5', 'TBA', 1, 40, 2, 4, 6, 0, 0),
(727, 'ENG 112', 'Basic Communication II (Writing in the Discipline)', 'OPEN C (BSIT-AUTO 2/ELECT 2/MDNA 2/BSCRIM 2)', '3', 'TBA', 40, 40, 2, 5, 6, 0, 0),
(728, 'HIST 141', 'Rizals Life, Works and Writing', 'OPEN C (ALL COURSES)', '3', 'TBA', 28, 40, 2, 4, 6, 0, 0),
(729, 'ENG 121', 'Effective Speech', 'OPEN D (BSIT-AUTO 2/ELECT 2/BSCRIM 2)', '3', 'TBA', 16, 40, 2, 4, 6, 0, 0),
(730, 'CLJ 121', 'Criminal Law (Book 1)', 'BSCRIM 2C', '3', 'TBA', 1, 40, 2, 4, 6, 0, 0),
(731, 'MATH 111', 'College Algebra', 'OPEN F (BSIT-AUTO 1/ELECT 1/MDNA 1/BSCRIM 1/BSCS 1', '3', 'CAS 11', 22, 40, 2, 5, 6, 0, 0),
(732, 'CRIM 121', 'Police Photography', 'BSCRIM 2C', '4', 'TBA', 32, 40, 2, 4, 6, 0, 0),
(733, 'PSYCH 111', 'General Psychology', 'OPEN E (BSIT-AUTO 1/ELECT 1/MDNA 1/BSCRIM 1/BSCS/B', '3', 'TBA', 15, 40, 2, 4, 6, 0, 0),
(734, 'DRAW 111', 'Drawing Fundamentals & Technical Sketching', 'BSIT-ELECT 1B/BSIT-AUTO 1B', '3', 'CIT 14', 29, 40, 2, 5, 6, 0, 0),
(735, 'LEA 121', 'Police Org. and Administration and Police Planning', 'Crim 2C', '3', 'TBA', 30, 45, 2, 5, 6, 0, 0),
(736, 'ENG 121', 'Effective Speech', 'OPEN (ALL COURSES)', '3', 'TBA', 1, 40, 2, 4, 6, 0, 0),
(737, 'Educ 1', 'Social Dimensions of Education', 'BEED I/BSED I', '3', 'TBA', 4, 45, 2, 5, 6, 0, 0),
(738, 'ITS 141', 'Intership 1(300 hours)', 'BSIT 4', '3', 'TBA', 25, 40, 2, 5, 6, 0, 0),
(739, 'ANS 121', 'Aptitude in the Service III', 'BSCRIM 2B', '1', 'TBA', 28, 40, 2, 5, 6, 0, 0),
(740, 'DEFTAC 121', '1st aid and water survival', 'CRIM 2 C', '2', 'TBA', 18, 40, 2, 4, 6, 0, 0),
(741, 'FIL 111', 'Sining ng Pakikipagtalastasan', 'OPEN', '3', 'TBA', 25, 40, 2, 4, 6, 0, 0),
(742, 'CORR 131', 'Institutional Corrections', 'OPEN', '3', 'TBA', 13, 40, 2, 4, 6, 0, 0),
(743, 'CDI 123', 'Fundamentals of Criminal Investigation', 'OPEN', '3', 'TBA', 15, 40, 2, 5, 6, 0, 0),
(744, 'MATH 111', 'College Algebra', 'OPEN', '3', 'TBA', 4, 40, 2, 4, 6, 0, 0),
(745, 'PE 111', 'Physical Education 1 (Physical Fitness & Health)', 'OPEN', '2', 'GYM', 30, 40, 2, 5, 6, 0, 0),
(746, 'ECON 111', 'Basic Economic w/ ART', 'OPEN', '3', 'TBA', 28, 40, 2, 5, 6, 0, 0),
(747, 'CLJ 141', 'Criminal Procedure', 'OPEN', '3', 'TBA', 5, 40, 2, 4, 6, 0, 0),
(748, 'CRIM 141', 'Human Biology', 'OPEN', '3', 'TBA', 32, 40, 2, 4, 6, 0, 0),
(749, 'CRIM SOC 143', 'Human Behavior & Crisis Mgt.', 'CRIM4 F', '3', 'TBA', 25, 40, 2, 4, 6, 0, 0),
(750, 'CDI 141', 'Organized Crime Investigation', 'BSCRIM 4F', '3', 'Gym', 14, 40, 2, 4, 6, 0, 0),
(751, 'CDI 146', 'Drug Education & Vice Control', 'BSCRIM 4F', '3', 'Gym', 35, 40, 2, 4, 6, 0, 0);

-- --------------------------------------------------------

--
-- Table structure for table `sys_var`
--

CREATE TABLE IF NOT EXISTS `sys_var` (
  `SV_ID` int(6) NOT NULL AUTO_INCREMENT,
  `SEM` varchar(7) NOT NULL,
  `SY` varchar(9) NOT NULL,
  `STATUS` int(1) NOT NULL,
  PRIMARY KEY (`SV_ID`)
) ENGINE=InnoDB  DEFAULT CHARSET=latin1 AUTO_INCREMENT=8 ;

--
-- Dumping data for table `sys_var`
--

INSERT INTO `sys_var` (`SV_ID`, `SEM`, `SY`, `STATUS`) VALUES
(1, 'SUMMER', '2017', 0),
(2, '1st Sem', '2017-2018', 0),
(3, '2nd Sem', '2017-2018', 0),
(4, 'Summer', '2018', 0),
(5, '1st Sem', '2018-2019', 0),
(6, '2nd Sem', '2018-2019', 1),
(7, 'Summer', '2018-2019', 0);

-- --------------------------------------------------------

--
-- Table structure for table `user`
--

CREATE TABLE IF NOT EXISTS `user` (
  `USERNAME` varchar(25) NOT NULL,
  `PASSWORD` varchar(60) NOT NULL,
  `LNAME` varchar(25) NOT NULL,
  `FNAME` varchar(25) NOT NULL,
  `MNAME` varchar(25) NOT NULL,
  `GENDER` int(1) NOT NULL,
  `DATE_ADDED` datetime NOT NULL,
  `STATUS` int(11) NOT NULL DEFAULT '0',
  `TYPE` int(11) NOT NULL DEFAULT '1',
  PRIMARY KEY (`USERNAME`)
) ENGINE=InnoDB DEFAULT CHARSET=latin1;

--
-- Dumping data for table `user`
--

INSERT INTO `user` (`USERNAME`, `PASSWORD`, `LNAME`, `FNAME`, `MNAME`, `GENDER`, `DATE_ADDED`, `STATUS`, `TYPE`) VALUES
('JASON', 'aabe4efa7c9d4a159bcdd8cb384595ae3c34d563', 'ARMUHALLAS', 'JASON', 'ANDALAJAO', 1, '2017-10-25 09:38:18', 0, 1),
('jhearts.admin', '7c02b66e98d08934b28acedbd37258f26364674a', 'Alejo', 'John Venheart', 'Torres', 1, '2017-08-01 01:01:19', 1, 3),
('jhearts.printer', '7c02b66e98d08934b28acedbd37258f26364674a', 'Alejo', 'John Venheart', 'Torres', 1, '2017-08-01 01:01:19', 1, 2),
('jhearts.user', '7c02b66e98d08934b28acedbd37258f26364674a', 'Alejo', 'John Venheart', 'Torres', 1, '2017-08-01 01:01:19', 1, 1),
('kristal', '7c02b66e98d08934b28acedbd37258f26364674a', 'Gador', 'Claire', 'Gador', 0, '2017-10-24 11:24:24', 0, 1);

/*!40101 SET CHARACTER_SET_CLIENT=@OLD_CHARACTER_SET_CLIENT */;
/*!40101 SET CHARACTER_SET_RESULTS=@OLD_CHARACTER_SET_RESULTS */;
/*!40101 SET COLLATION_CONNECTION=@OLD_COLLATION_CONNECTION */;
